id,gender,name,variants,popularity_score,first_seen_year,last_seen_year,peak_year,is_biblical,is_palindrome,phonetic,first_letter,stresses,syllables,alliteration,is_unisex,slug,length,origin,country,meaning,pronunciation,verified,confidence,source,source_url,last_reviewed,notes,priority,tier,status,meaning_done,origin_done,ipa_done,tags_done,seo_done,reviewed,published,processed_at,pipeline_version,content_hash
59219,Male,John,"['Jon', 'Jonn']",5334400,1880,2023,1971,True,False,['JH AA1 N'],J,['1'],1,,True,john,4,,,,,,,,,,,1,golden,pending,False,False,False,False,False,False,False,,0.2.0,5a640631dcb06514
59220,Male,James,[],5226569,1880,2023,1947,True,False,['JH EY1 M Z'],J,['1'],1,,True,james,5,,,,,,,,,,,2,golden,pending,False,False,False,False,False,False,False,,0.2.0,0091b40f15b6fccc
59221,Male,Robert,[],4841968,1880,2023,1947,False,False,['R AA1 B ER0 T'],R,['10'],2,,True,robert,6,,,,,,,,,,,3,golden,pending,False,False,False,False,False,False,False,,0.2.0,9a65304eed6bef9e
59222,Male,Michael,"['Michel', 'Micheal']",4564535,1880,2023,1957,True,False,['M AY1 K AH0 L'],M,['10'],2,,True,michael,7,,,,,,,,,,,4,golden,pending,False,False,False,False,False,False,False,,0.2.0,bd25ad45e1e52fe2
59223,Male,William,['Wm'],4180830,1880,2023,1947,False,False,"['W IH1 L Y AH0 M', 'D AH1 B AH0 Y UW0 EH1 M']",W,"['10', '1001']",3,,True,william,7,,,,,,,,,,,5,golden,pending,False,False,False,False,False,False,False,,0.2.0,122cecb83b0bc0f6
1,Female,Mary,"['Merry', 'Merrie', 'Marry']",4151715,1880,2023,1959,True,False,['M EH1 R IY0'],M,['10'],2,,True,mary,4,,,,,,,,,,,6,golden,pending,False,False,False,False,False,False,False,,0.2.0,340830d4c954e8d2
59224,Male,David,[],3662190,1880,2023,1955,True,False,['D EY1 V IH0 D'],D,['10'],2,2.0,False,david,5,,,,,,,,,,,7,golden,pending,False,False,False,False,False,False,False,,0.2.0,4e724415648a8573
59225,Male,Joseph,"['Jozef', 'Josef']",2654627,1880,2023,1956,True,False,"['JH OW1 S AH0 F', 'JH OW1 Z AH0 F']",J,"['10', '10']",2,,False,joseph,6,,,,,,,,,,,8,golden,pending,False,False,False,False,False,False,False,,0.2.0,13cda5768aef892b
59226,Male,Richard,['Richerd'],2574643,1880,2023,1957,False,False,['R IH1 CH ER0 D'],R,['10'],2,,False,richard,7,,,,,,,,,,,9,golden,pending,False,False,False,False,False,False,False,,0.2.0,bc2ea48d4aa12b03
59227,Male,Charles,['Charls'],2423731,1880,2023,1947,False,False,"['CH AA1 R AH0 L Z', 'CH AA1 R L Z']",C,"['10', '1']",1,,False,charles,7,,,,,,,,,,,10,golden,pending,False,False,False,False,False,False,False,,0.2.0,2c8005cd39a31b36
59228,Male,Thomas,[],2344940,1880,2023,1952,True,False,['T AA1 M AH0 S'],T,['10'],2,,False,thomas,6,,,,,,,,,,,11,golden,pending,False,False,False,False,False,False,False,,0.2.0,76dbd4958c256db0
59229,Male,Steven,['Stephen'],2153499,1880,2023,1956,True,False,['S T IY1 V AH0 N'],S,['10'],2,,False,steven,6,,,,,,,,,,,12,golden,pending,False,False,False,False,False,False,False,,0.2.0,50bae7f8224387b4
59230,Male,Christopher,['Kristopher'],2122515,1880,2023,1984,False,False,['K R IH1 S T AH0 F ER0'],C,['100'],3,,False,christopher,11,,,,,,,,,,,13,golden,pending,False,False,False,False,False,False,False,,0.2.0,711088471d66007a
59231,Male,Daniel,[],1966009,1880,2023,1985,True,False,['D AE1 N Y AH0 L'],D,['10'],2,,False,daniel,6,,,,,,,,,,,14,golden,pending,False,False,False,False,False,False,False,,0.2.0,9fce650ed3c463df
2,Female,Elizabeth,['Elisabeth'],1722292,1880,2023,2001,False,False,"['IH0 L IH1 Z AH0 B IH0 TH', 'IH0 L IH1 Z AH0 B AH0 TH']",E,"['0100', '0100']",4,2.0,False,elizabeth,9,,,,,,,,,,,15,golden,pending,False,False,False,False,False,False,False,,0.2.0,afa6ca42a8a955fa
59232,Male,Matthew,"['Mathew', 'Mathieu']",1719213,1880,2023,2000,True,False,['M AE1 TH Y UW0'],M,['10'],2,,False,matthew,7,,,,,,,,,,,16,golden,pending,False,False,False,False,False,False,False,,0.2.0,58502d32da0f9e41
59233,Male,Brian,"['Bryan', 'Bryon', 'Brion', 'Bryen']",1576990,1883,2023,2001,False,False,['B R AY1 AH0 N'],B,['10'],2,,False,brian,5,,,,,,,,,,,17,golden,pending,False,False,False,False,False,False,False,,0.2.0,57ebe7576742cfb8
3,Female,Patricia,[],1573241,1884,2023,1951,False,False,['P AH0 T R IH1 SH AH0'],P,['010'],3,,False,patricia,8,,,,,,,,,,,18,golden,pending,False,False,False,False,False,False,False,,0.2.0,8c154ef18365a687
4,Female,Linda,['Lynda'],1532414,1880,2023,1947,False,False,['L IH1 N D AH0'],L,['10'],2,,False,linda,5,,,,,,,,,,,19,golden,pending,False,False,False,False,False,False,False,,0.2.0,cf88394f0dad43e2
5,Female,Sarah,"['Cera', 'Sara', 'Cerra', 'Serra']",1528247,1880,2023,1996,True,False,['S EH1 R AH0'],S,['10'],2,,False,sarah,5,,,,,,,,,,,20,golden,pending,False,False,False,False,False,False,False,,0.2.0,1f4c3ebf50775b58
59234,Male,Mark,"['Marc', 'Marque', 'Marke']",1500737,1880,2023,1988,True,False,['M AA1 R K'],M,['1'],1,,False,mark,4,,,,,,,,,,,21,golden,pending,False,False,False,False,False,False,False,,0.2.0,ef3d444639943772
59235,Male,George,[],1481487,1880,2023,1921,False,False,['JH AO1 R JH'],G,['1'],1,2.0,False,george,6,,,,,,,,,,,22,golden,pending,False,False,False,False,False,False,False,,0.2.0,3bcecd4590d11650
59236,Male,Anthony,[],1475541,1880,2023,1990,False,False,['AE1 N TH AH0 N IY0'],A,['100'],3,,False,anthony,7,,,,,,,,,,,23,golden,pending,False,False,False,False,False,False,False,,0.2.0,5bab68ecbbdef949
6,Female,Jennifer,[],1470608,1919,2023,1972,False,False,['JH EH1 N AH0 F ER0'],J,['100'],3,,False,jennifer,8,,,,,,,,,,,24,golden,pending,False,False,False,False,False,False,False,,0.2.0,2b7bbb822fe174ad
7,Female,Barbara,['Barbra'],1436052,1880,2023,1947,False,False,"['B AA1 R B ER0 AH0', 'B AA1 R B R AH0']",B,"['100', '10']",2,2.0,False,barbara,7,,,,,,,,,,,25,golden,pending,False,False,False,False,False,False,False,,0.2.0,7220db75343a96e0
59237,Male,Donald,[],1413982,1880,2023,1934,False,False,['D AA1 N AH0 L D'],D,['10'],2,2.0,False,donald,6,,,,,,,,,,,26,golden,pending,False,False,False,False,False,False,False,,0.2.0,601666d6332d7102
59238,Male,Paul,"['Pol', 'Paull', 'Paule']",1395630,1880,2023,2020,True,False,['P AO1 L'],P,['1'],1,,False,paul,4,,,,,,,,,,,27,golden,pending,False,False,False,False,False,False,False,,0.2.0,078696647917b5d9
8,Female,Deborah,"['Debora', 'Debra']",1322750,1880,2023,1957,True,False,"['D EH1 B ER0 AH0', 'D EH1 B R AH0']",D,"['100', '10']",2,,False,deborah,7,,,,,,,,,,,28,golden,pending,False,False,False,False,False,False,False,,0.2.0,8d17911117bd214a
59239,Male,Andrew,['Andreu'],1320240,1880,2023,2019,True,False,['AE1 N D R UW0'],A,['10'],2,,False,andrew,6,,,,,,,,,,,29,golden,pending,False,False,False,False,False,False,False,,0.2.0,8ba253e4d1a9d097
59240,Male,Edward,['Eduard'],1302157,1880,2023,2020,False,False,['EH1 D W ER0 D'],E,['10'],2,,False,edward,6,,,,,,,,,,,30,golden,pending,False,False,False,False,False,False,False,,0.2.0,8cf47e3474289c13
59241,Male,Kenneth,[],1281581,1880,2023,1957,False,False,['K EH1 N IH0 TH'],K,['10'],2,,False,kenneth,7,,,,,,,,,,,31,golden,pending,False,False,False,False,False,False,False,,0.2.0,4be92771f96f599a
9,Female,Margaret,[],1259974,1880,2023,1921,False,False,"['M AA1 R G ER0 IH0 T', 'M AA1 R G R IH0 T', 'M AA1 R G R AH0 T']",M,"['100', '10', '10']",2,,False,margaret,8,,,,,,,,,,,32,golden,pending,False,False,False,False,False,False,False,,0.2.0,6f1ef9372cda70bb
59242,Male,Joshua,[],1238699,1880,2023,1989,True,False,['JH AA1 SH UW2 AH0'],J,['120'],3,,False,joshua,6,,,,,,,,,,,33,golden,pending,False,False,False,False,False,False,False,,0.2.0,319865ff161b3c73
59243,Male,Kevin,[],1181004,1912,2023,1963,False,False,['K EH1 V IH0 N'],K,['10'],2,,False,kevin,5,,,,,,,,,,,34,golden,pending,False,False,False,False,False,False,False,,0.2.0,2328634e260afca4
10,Female,Katherine,"['Catharine', 'Katharine', 'Kathryn', 'Catherine']",1156256,1880,2023,1990,False,False,"['K AE1 TH R IH0 N', 'K AE1 TH ER0 IH0 N']",K,"['10', '100']",2,,False,katherine,9,,,,,,,,,,,35,golden,pending,False,False,False,False,False,False,False,,0.2.0,6651c5644684c99f
59244,Male,Eric,"['Erick', 'Erich', 'Erik']",1131622,1880,2023,2007,False,False,['EH1 R IH0 K'],E,['10'],2,,False,eric,4,,,,,,,,,,,36,golden,pending,False,False,False,False,False,False,False,,0.2.0,a97e03bd3fe0630b
11,Female,Dorothy,['Dorthy'],1131068,1880,2023,1927,False,False,"['D AO1 R TH IY0', 'D AO1 R AH0 TH IY0']",D,"['10', '100']",2,,False,dorothy,7,,,,,,,,,,,37,golden,pending,False,False,False,False,False,False,False,,0.2.0,929474535650cc5e
12,Female,Susan,[],1122984,1880,2023,1955,False,False,['S UW1 Z AH0 N'],S,['10'],2,,False,susan,5,,,,,,,,,,,38,golden,pending,False,False,False,False,False,False,False,,0.2.0,a2139111d23cfa1f
59245,Male,Ronald,[],1081251,1883,2023,1947,False,False,['R AA1 N AH0 L D'],R,['10'],2,,False,ronald,6,,,,,,,,,,,39,golden,pending,False,False,False,False,False,False,False,,0.2.0,bb11f9dd6a6b9f1e
59246,Male,Timothy,[],1080635,1880,2023,1959,False,False,['T IH1 M AH0 TH IY0'],T,['100'],3,,False,timothy,7,,,,,,,,,,,40,golden,pending,False,False,False,False,False,False,False,,0.2.0,d1d7925a432e7bf6
59247,Male,Jonathan,"['Johnathon', 'Johnathan', 'Jonothan', 'Jonathon']",1051633,1880,2023,1990,True,False,['JH AA1 N AH0 TH AH0 N'],J,['100'],3,,False,jonathan,8,,,,,,,,,,,41,golden,pending,False,False,False,False,False,False,False,,0.2.0,8aeddcf1d4f77869
13,Female,Jessica,[],1049745,1880,2023,1987,False,False,['JH EH1 S IH0 K AH0'],J,['100'],3,,False,jessica,7,,,,,,,,,,,42,golden,pending,False,False,False,False,False,False,False,,0.2.0,cd40c3ba3e3c3180
59248,Male,Jeffrey,"['Jeffry', 'Geoffrey']",1048130,1885,2023,1975,False,False,['JH EH1 F R IY0'],J,['10'],2,,False,jeffrey,7,,,,,,,,,,,43,golden,pending,False,False,False,False,False,False,False,,0.2.0,80f0cc18bae4ba32
59249,Male,Jason,[],1047320,1880,2023,1977,True,False,['JH EY1 S AH0 N'],J,['10'],2,,False,jason,5,,,,,,,,,,,44,golden,pending,False,False,False,False,False,False,False,,0.2.0,065f0d638574b29b
14,Female,Michelle,"['Michel', 'Michele']",1038289,1915,2023,1969,False,False,['M IH0 SH EH1 L'],M,['01'],2,,False,michelle,8,,,,,,,,,,,45,golden,pending,False,False,False,False,False,False,False,,0.2.0,9e76d8e6c15c08ce
15,Female,Betty,"['Betti', 'Bette']",1036480,1880,2023,1946,False,False,['B EH1 T IY0'],B,['10'],2,,False,betty,5,,,,,,,,,,,46,golden,pending,False,False,False,False,False,False,False,,0.2.0,ffebaac68abd9d8e
16,Female,Helen,"['Hellen', 'Hellan']",1030906,1880,2023,1924,False,False,"['HH EH1 L AE1 N', 'HH EH1 L AH0 N']",H,"['11', '10']",2,,False,helen,5,,,,,,,,,,,47,golden,pending,False,False,False,False,False,False,False,,0.2.0,fd2d888ee20edf18
17,Female,Anna,['Ana'],1017985,1880,2023,1991,True,True,"['AA1 N AH0', 'AE1 N AH0']",A,"['10', '10']",2,,False,anna,4,,,,,,,,,,,48,golden,pending,False,False,False,False,False,False,False,,0.2.0,1051c3356c81e6df
18,Female,Nancy,[],1003860,1880,2023,1947,False,False,['N AE1 N S IY0'],N,['10'],2,2.0,False,nancy,5,,,,,,,,,,,49,golden,pending,False,False,False,False,False,False,False,,0.2.0,542055b60ce23b36
19,Female,Karen,"['Karon', 'Charron', 'Karan', 'Charon']",998631,1881,2023,1974,False,False,"['CH EH1 R AH0 N', 'K EH1 R AH0 N']",K,"['10', '10']",2,,False,karen,5,,,,,,,,,,,50,golden,pending,False,False,False,False,False,False,False,,0.2.0,8e951e0cde03159b
20,Female,Lisa,['Lesa'],978091,1886,2023,1965,False,False,['L IY1 S AH0'],L,['10'],2,,False,lisa,4,,,,,,,,,,,51,golden,pending,False,False,False,False,False,False,False,,0.2.0,add90f8e31e71262
59250,Male,Jacob,[],975254,1880,2023,1998,True,False,['JH EY1 K AH0 B'],J,['10'],2,,False,jacob,5,,,,,,,,,,,52,golden,pending,False,False,False,False,False,False,False,,0.2.0,941e436ac5a56d0d
59251,Male,Ryan,"['Rion', 'Ryen', 'Ryean', 'Ryon', 'Wryan']",961366,1906,2023,2022,False,False,"['R AY1 AE1 N', 'R AY1 AH0 N']",R,"['11', '10']",2,,True,ryan,4,,,,,,,,,,,53,golden,pending,False,False,False,False,False,False,False,,0.2.0,bc5b15871746eab5
59252,Male,Gary,"['Garey', 'Garry', 'Garrey']",950850,1880,2023,1954,False,False,"['G AE1 R IY0', 'G EH1 R IY0']",G,"['10', '10']",2,,False,gary,4,,,,,,,,,,,54,golden,pending,False,False,False,False,False,False,False,,0.2.0,e90c126254800d9a
21,Female,Carol,"['Carrel', 'Karel', 'Carole', 'Caryl', 'Carroll', 'Carrol']",933359,1880,2023,1946,False,False,"['K AE1 R AH0 L', 'K EH1 R AH0 L']",C,"['10', '10']",2,,False,carol,5,,,,,,,,,,,55,golden,pending,False,False,False,False,False,False,False,,0.2.0,4e8986014e713fed
59253,Male,Nicholas,"['Nicolas', 'Nicklaus']",919811,1880,2023,1995,False,False,"['N IH1 K L AH0 S', 'N IH1 K AH0 L AH0 S']",N,"['10', '100']",2,,False,nicholas,8,,,,,,,,,,,56,golden,pending,False,False,False,False,False,False,False,,0.2.0,2c28ba2052d39b38
59254,Male,Frank,"['Franck', 'Franc', 'Franke']",914915,1880,2023,2014,False,False,['F R AE1 NG K'],F,['1'],1,,False,frank,5,,,,,,,,,,,57,golden,pending,False,False,False,False,False,False,False,,0.2.0,7375b828b94e396c
22,Female,Emily,[],884942,1880,2023,1999,False,False,['EH1 M IH0 L IY0'],E,['100'],3,,False,emily,5,,,,,,,,,,,58,golden,pending,False,False,False,False,False,False,False,,0.2.0,6747ffa8eaa7d505
23,Female,Kimberly,['Kimberley'],882060,1933,2023,1970,False,False,['K IH1 M B ER0 L IY0'],K,['100'],3,,False,kimberly,8,,,,,,,,,,,59,golden,pending,False,False,False,False,False,False,False,,0.2.0,0c8d243aae31ea8b
24,Female,Sandra,[],875083,1904,2023,1947,False,False,['S AE1 N D R AH0'],S,['10'],2,,False,sandra,6,,,,,,,,,,,60,golden,pending,False,False,False,False,False,False,False,,0.2.0,29f2676a46d3e03e
25,Female,Ashley,[],855746,1917,2023,1987,False,False,['AE1 SH L IY0'],A,['10'],2,,True,ashley,6,,,,,,,,,,,61,golden,pending,False,False,False,False,False,False,False,,0.2.0,36ad61a53d2bc21a
26,Female,Laura,"['Lora', 'Lorah']",852316,1880,2023,1985,False,False,['L AO1 R AH0'],L,['10'],2,,False,laura,5,,,,,,,,,,,62,golden,pending,False,False,False,False,False,False,False,,0.2.0,03c400a6741049fd
27,Female,Ruth,[],832503,1880,2023,1920,True,False,['R UW1 TH'],R,['1'],1,,False,ruth,4,,,,,,,,,,,63,golden,pending,False,False,False,False,False,False,False,,0.2.0,7ddcaeb34f8cf03f
28,Female,Donna,[],831431,1880,2023,1959,False,False,['D AA1 N AH0'],D,['10'],2,,False,donna,5,,,,,,,,,,,64,golden,pending,False,False,False,False,False,False,False,,0.2.0,7b53e8584f032457
29,Female,Teresa,['Theresa'],819746,1880,2023,1961,False,False,"['T ER0 EY1 S AH0', 'T ER0 IY1 S AH0']",T,"['010', '010']",3,,False,teresa,6,,,,,,,,,,,65,golden,pending,False,False,False,False,False,False,False,,0.2.0,6181d59c458076f8
59255,Male,Larry,['Lary'],808726,1880,2023,1947,False,False,['L EH1 R IY0'],L,['10'],2,,False,larry,5,,,,,,,,,,,66,golden,pending,False,False,False,False,False,False,False,,0.2.0,e044bb1142969f62
30,Female,Stephanie,"['Stefanie', 'Stefani', 'Stephani', 'Stephany']",808462,1891,2023,1990,False,False,['S T EH1 F AH0 N IY0'],S,['100'],3,,False,stephanie,9,,,,,,,,,,,67,golden,pending,False,False,False,False,False,False,False,,0.2.0,2a2536cf212d18ef
59256,Male,Benjamin,[],807016,1880,2023,1989,True,False,['B EH1 N JH AH0 M AH0 N'],B,['100'],3,,False,benjamin,8,,,,,,,,,,,68,golden,pending,False,False,False,False,False,False,False,,0.2.0,4a0487d262321fee
59257,Male,Samuel,[],803262,1880,2023,2001,True,False,['S AE1 M Y UW0 L'],S,['10'],2,,False,samuel,6,,,,,,,,,,,69,golden,pending,False,False,False,False,False,False,False,,0.2.0,c5a281aa889598f2
59258,Male,Sean,"['Shawn', 'Shaun']",798251,1925,2023,1990,False,False,['SH AO1 N'],S,['1'],1,,False,sean,4,,,,,,,,,,,70,golden,pending,False,False,False,False,False,False,False,,0.2.0,50547dc8488409e7
31,Female,Ann,"['Ane', 'An', 'Anne']",795322,1880,2023,2015,False,False,"['AH0 N', 'AE1 N']",A,"['0', '1']",1,,False,ann,3,,,,,,,,,,,71,golden,pending,False,False,False,False,False,False,False,,0.2.0,9704ec8b3d520cb4
59259,Male,Brandon,['Branden'],795005,1914,2023,1992,False,False,['B R AE1 N D AH0 N'],B,['10'],2,,False,brandon,7,,,,,,,,,,,72,golden,pending,False,False,False,False,False,False,False,,0.2.0,016c7473278b9c1d
59260,Male,Justin,['Justen'],791133,1880,2023,1990,False,False,"['JH AH1 S T IH0 N', 'JH AH1 S T AH0 N']",J,"['10', '10']",2,,False,justin,6,,,,,,,,,,,73,golden,pending,False,False,False,False,False,False,False,,0.2.0,e07eb559ee4c1749
32,Female,Amanda,[],789367,1880,2023,1987,False,False,['AH0 M AE1 N D AH0'],A,['010'],3,2.0,False,amanda,6,,,,,,,,,,,74,golden,pending,False,False,False,False,False,False,False,,0.2.0,422c7e6d680680c1
59261,Male,Scott,['Scot'],787638,1880,2023,1971,False,False,['S K AA1 T'],S,['1'],1,,False,scott,5,,,,,,,,,,,75,golden,pending,False,False,False,False,False,False,False,,0.2.0,ac30e0cd6d4d727c
59262,Male,Raymond,"['Raimond', 'Raymund']",778663,1880,2023,1994,False,False,['R EY1 M AH0 N D'],R,['10'],2,,False,raymond,7,,,,,,,,,,,76,golden,pending,False,False,False,False,False,False,False,,0.2.0,d89f38bbf544b91a
33,Female,Melissa,[],758550,1880,2023,1979,False,False,['M AH0 L IH1 S AH0'],M,['010'],3,,False,melissa,7,,,,,,,,,,,77,golden,pending,False,False,False,False,False,False,False,,0.2.0,a0018dcff513ba6e
34,Female,Rebecca,[],754124,1880,2023,1981,False,False,['R AH0 B EH1 K AH0'],R,['010'],3,,False,rebecca,7,,,,,,,,,,,78,golden,pending,False,False,False,False,False,False,False,,0.2.0,ad3dca42b638ed8f
59263,Male,Henry,['Henri'],750294,1880,2023,2021,False,False,"['AO2 R IY1', 'HH EH1 N R IY0', 'AA2 N R IY1']",H,"['21', '10', '21']",2,,False,henry,5,,,,,,,,,,,79,golden,pending,False,False,False,False,False,False,False,,0.2.0,04de3523648e95c3
35,Female,Emma,[],749903,1880,2023,2003,False,False,['EH1 M AH0'],E,['10'],2,,False,emma,4,,,,,,,,,,,80,golden,pending,False,False,False,False,False,False,False,,0.2.0,17d743a82fbf464b
59264,Male,Jack,"['Jacques', 'Jac']",749789,1880,2023,2022,False,False,"['JH AE1 K', 'ZH AA1 K']",J,"['1', '1']",1,,False,jack,4,,,,,,,,,,,81,golden,pending,False,False,False,False,False,False,False,,0.2.0,b880d76f40a1f73d
59265,Male,Alan,"['Allen', 'Allan']",725906,1880,2023,1955,False,False,['AE1 L AH0 N'],A,['10'],2,,False,alan,4,,,,,,,,,,,82,golden,pending,False,False,False,False,False,False,False,,0.2.0,c1472bbb711befa0
36,Female,Sharon,"['Sherron', 'Sharron']",722645,1900,2023,1947,True,False,"['SH AH0 R OW1 N', 'SH EH1 R AH0 N', 'SH AE1 R AH0 N']",S,"['01', '10', '10']",2,,False,sharon,6,,,,,,,,,,,83,golden,pending,False,False,False,False,False,False,False,,0.2.0,eb749450d61c801d
59266,Male,Alexander,[],721180,1880,2023,1993,False,False,"['AE2 L AH0 G Z AE1 N D ER0', 'AE2 L IH0 G Z AE1 N D ER0']",A,"['2010', '2010']",4,,False,alexander,9,,,,,,,,,,,84,golden,pending,False,False,False,False,False,False,False,,0.2.0,9179e9240e14568e
37,Female,Kathleen,[],713209,1880,2023,1951,False,False,['K AE0 TH L IY1 N'],K,['01'],2,,False,kathleen,8,,,,,,,,,,,85,golden,pending,False,False,False,False,False,False,False,,0.2.0,06e8fa4d591828b8
59267,Male,Gregory,"['Grigory', 'Gregorie']",710875,1880,2023,2014,False,False,"['G R IY1 G ER0 IY0', 'G R EH1 G ER0 IY0']",G,"['100', '100']",3,2.0,False,gregory,7,,,,,,,,,,,86,golden,pending,False,False,False,False,False,False,False,,0.2.0,2fc2f72583bc41e1
38,Female,Cynthia,[],710869,1880,2023,1957,False,False,['S IH1 N TH IY0 AH0'],C,['100'],3,,False,cynthia,7,,,,,,,,,,,87,golden,pending,False,False,False,False,False,False,False,,0.2.0,6d817016a4748214
39,Female,Amy,['Amey'],699914,1880,2023,1975,False,False,['EY1 M IY0'],A,['10'],2,,False,amy,3,,,,,,,,,,,88,golden,pending,False,False,False,False,False,False,False,,0.2.0,337dcaa30d0a57f4
40,Female,Shirley,"['Shirlee', 'Shirlie', 'Shurley', 'Sherley']",694319,1880,2023,1947,False,False,['SH ER1 L IY0'],S,['10'],2,,False,shirley,7,,,,,,,,,,,89,golden,pending,False,False,False,False,False,False,False,,0.2.0,bd1d361e5285474a
59268,Male,Patrick,[],683445,1880,2023,1964,False,False,['P AE1 T R IH0 K'],P,['10'],2,,False,patrick,7,,,,,,,,,,,90,golden,pending,False,False,False,False,False,False,False,,0.2.0,ad5237abc2e0b3cc
41,Female,Angela,[],671322,1880,2023,1971,False,False,['AE1 N JH AH0 L AH0'],A,['100'],3,,False,angela,6,,,,,,,,,,,91,golden,pending,False,False,False,False,False,False,False,,0.2.0,540c214fa1f28935
42,Female,Christine,['Kristine'],670299,1880,2023,1970,False,False,['K R IH0 S T IY1 N'],C,['01'],2,,False,christine,9,,,,,,,,,,,92,golden,pending,False,False,False,False,False,False,False,,0.2.0,de07d689a2cbfb94
43,Female,Christina,"['Cristina', 'Kristina']",667587,1880,2023,1990,False,False,['K R IH0 S T IY1 N AH0'],C,['010'],3,,False,christina,9,,,,,,,,,,,93,golden,pending,False,False,False,False,False,False,False,,0.2.0,7cf2b5428ca3c42b
44,Female,Catherine,"['Catharine', 'Katheran', 'Katherine', 'Katharine', 'Kathryn']",665832,1880,2023,1956,False,False,"['K AE1 TH ER0 AH0 N', 'K AE1 TH R IH0 N', 'K AE1 TH ER0 IH0 N']",C,"['100', '10', '100']",2,,False,catherine,9,,,,,,,,,,,94,golden,pending,False,False,False,False,False,False,False,,0.2.0,cb3c28e1ca46109a
45,Female,Rachel,['Rachael'],653763,1880,2023,1990,True,False,['R EY1 CH AH0 L'],R,['10'],2,,False,rachel,6,,,,,,,,,,,95,golden,pending,False,False,False,False,False,False,False,,0.2.0,b84f7582cd422b79
46,Female,Virginia,[],651766,1880,2023,1922,False,False,['V ER0 JH IH1 N Y AH0'],V,['010'],3,,False,virginia,8,,,,,,,,,,,96,golden,pending,False,False,False,False,False,False,False,,0.2.0,92b76dd2eb260f65
47,Female,Kelly,"['Kellie', 'Kelley', 'Kelli']",644971,1907,2023,1977,False,False,"['OW0 K EH1 L IY0', 'K EH1 L IY0']",K,"['010', '10']",2,,True,kelly,5,,,,,,,,,,,97,golden,pending,False,False,False,False,False,False,False,,0.2.0,5affcaf6ae8998c2
59269,Male,Dennis,['Denis'],640751,1880,2023,1952,False,False,['D EH1 N IH0 S'],D,['10'],2,,False,dennis,6,,,,,,,,,,,98,golden,pending,False,False,False,False,False,False,False,,0.2.0,58d9c01476f5e39e
59270,Male,Jerry,"['Gery', 'Jeri', 'Jerri', 'Jerrie', 'Gerri', 'Jere', 'Gerry', 'Gerrie']",635044,1880,2023,2008,False,False,['JH EH1 R IY0'],J,['10'],2,,False,jerry,5,,,,,,,,,,,99,golden,pending,False,False,False,False,False,False,False,,0.2.0,52136f52cfa79cc0
48,Female,Jean,"['Jeanne', 'Gene', 'Gean', 'Jeane']",633604,1880,2023,1947,False,False,['JH IY1 N'],J,['1'],1,,False,jean,4,,,,,,,,,,,100,golden,pending,False,False,False,False,False,False,False,,0.2.0,2264ade7f5da65b0
59271,Male,Aaron,"['Aron', 'Aran', 'Airan', 'Erran', 'Ehren']",628686,1880,2023,2022,True,False,"['EH1 R AE1 N', 'EH1 R AH0 N', 'ER1 AH0 N', 'ER1 AE1 N']",A,"['11', '10', '10', '11']",2,,False,aaron,5,,,,,,,,,,,101,golden,pending,False,False,False,False,False,False,False,,0.2.0,b51a4a97e1c18dff
59272,Male,Walter,[],628508,1880,2023,1918,False,False,['W AO1 L T ER0'],W,['10'],2,,False,walter,6,,,,,,,,,,,102,golden,pending,False,False,False,False,False,False,False,,0.2.0,0121a20e9a37e45d
49,Female,Frances,['Francis'],623512,1880,2023,1919,False,False,"['F R AE1 N S AH0 S', 'F R AE1 N S IH0 S']",F,"['10', '10']",2,,False,frances,7,,,,,,,,,,,103,golden,pending,False,False,False,False,False,False,False,,0.2.0,9c98a520750b19c2
50,Female,Evelyn,['Eveline'],621387,1880,2023,1921,False,False,"['EH1 V AH0 L IH0 N', 'EH1 V AH0 L AH0 N']",E,"['100', '100']",3,,False,evelyn,6,,,,,,,,,,,104,golden,pending,False,False,False,False,False,False,False,,0.2.0,6e3a5430d18129da
51,Female,Diane,"['Dyan', 'Dianne', 'Dyane']",615944,1898,2023,1970,False,False,['D AY0 AE1 N'],D,['01'],2,,False,diane,5,,,,,,,,,,,105,golden,pending,False,False,False,False,False,False,False,,0.2.0,033e14505cba9f10
52,Female,Brenda,[],608103,1897,2023,1957,False,False,['B R EH1 N D AH0'],B,['10'],2,,False,brenda,6,,,,,,,,,,,106,golden,pending,False,False,False,False,False,False,False,,0.2.0,6ed025ba6fbd2789
59273,Male,Carl,['Karl'],605028,1880,2023,1960,False,False,['K AA1 R L'],C,['1'],1,,False,carl,4,,,,,,,,,,,107,golden,pending,False,False,False,False,False,False,False,,0.2.0,39984c63ce87e93b
59274,Male,Tyler,[],600343,1880,2023,1994,False,False,['T AY1 L ER0'],T,['10'],2,,True,tyler,5,,,,,,,,,,,108,golden,pending,False,False,False,False,False,False,False,,0.2.0,1834618140ba0a36
53,Female,Alice,"['Alyce', 'Allis']",598701,1880,2023,2019,False,False,"['AE1 L AH0 S', 'AE1 L IH0 S']",A,"['10', '10']",2,,False,alice,5,,,,,,,,,,,109,golden,pending,False,False,False,False,False,False,False,,0.2.0,3a5de5e23fe0ddbe
54,Female,Nicole,['Nicolle'],598675,1937,2023,1985,False,False,['N IH0 K OW1 L'],N,['01'],2,,False,nicole,6,,,,,,,,,,,110,golden,pending,False,False,False,False,False,False,False,,0.2.0,97111b66e27136e8
59275,Male,Zachary,"['Zackery', 'Zachery']",595636,1900,2023,1994,False,False,['Z AE1 K ER0 IY0'],Z,['100'],3,,False,zachary,7,,,,,,,,,,,111,golden,pending,False,False,False,False,False,False,False,,0.2.0,1a2d6c70abc5a978
55,Female,Pamela,[],594895,1895,2023,1954,False,False,['P AE1 M AH0 L AH0'],P,['100'],3,,False,pamela,6,,,,,,,,,,,112,golden,pending,False,False,False,False,False,False,False,,0.2.0,8033b41a5fcc4a9b
56,Female,Samantha,[],588597,1880,2023,1990,False,False,['S AH0 M AE1 N TH AH0'],S,['010'],3,,False,samantha,8,,,,,,,,,,,113,golden,pending,False,False,False,False,False,False,False,,0.2.0,0b02734c8d451491
59276,Male,Peter,['Pieter'],586711,1880,2023,1967,True,False,['P IY1 T ER0'],P,['10'],2,,False,peter,5,,,,,,,,,,,114,golden,pending,False,False,False,False,False,False,False,,0.2.0,ec9aede4065a6386
59277,Male,Jose,[],584930,1880,2023,2002,True,False,['HH OW2 Z EY1'],J,['21'],2,,False,jose,4,,,,,,,,,,,115,golden,pending,False,False,False,False,False,False,False,,0.2.0,588fbfb2f368230a
57,Female,Sophia,['Sofia'],584495,1880,2023,2015,False,False,"['S OW1 F IY0 AH0', 'S OW0 F IY1 AH0']",S,"['100', '010']",3,,False,sophia,6,Greek,GR,Wisdom,so-FEE-uh,True,99.0,Wikidata,,2026-09-03,Verified manually,116,golden,pending,True,True,False,False,False,False,False,,0.2.0,7ebcc773626036c1
59278,Male,Nathan,[],577401,1880,2023,2004,True,False,['N EY1 TH AH0 N'],N,['10'],2,2.0,False,nathan,6,,,,,,,,,,,117,golden,pending,False,False,False,False,False,False,False,,0.2.0,36a2b0f07d38205a
59279,Male,Adam,[],573329,1880,2023,1984,True,False,['AE1 D AH0 M'],A,['10'],2,,False,adam,4,,,,,,,,,,,118,golden,pending,False,False,False,False,False,False,False,,0.2.0,356a75b3b6141bfc
59280,Male,Douglas,['Douglass'],565172,1880,2023,1970,False,False,['D AH1 G L AH0 S'],D,['10'],2,,False,douglas,7,,,,,,,,,,,119,golden,pending,False,False,False,False,False,False,False,,0.2.0,4ebc762282364024
58,Female,Lori,"['Lorie', 'Laurie', 'Laurey', 'Lauri', 'Lory', 'Lowrie', 'Lorey', 'Laury', 'Lorry', 'Lawrie', 'Lorrie']",563126,1882,2023,1963,False,False,"['L AA1 R IY0', 'L AO1 R IY0']",L,"['10', '10']",2,,False,lori,4,,,,,,,,,,,120,golden,pending,False,False,False,False,False,False,False,,0.2.0,8eb05d4642e5cd16
59,Female,Carolyn,"['Karelin', 'Carolyne']",559951,1880,2023,1947,False,False,"['K EH1 R AH0 L AY0 N', 'K EH1 R AH0 L IH0 N']",C,"['100', '100']",3,,False,carolyn,7,,,,,,,,,,,121,golden,pending,False,False,False,False,False,False,False,,0.2.0,392cd106f5155a84
60,Female,Maria,[],559940,1880,2023,1964,False,False,['M ER0 IY1 AH0'],M,['010'],3,,False,maria,5,,,,,,,,,,,122,golden,pending,False,False,False,False,False,False,False,,0.2.0,5536e27283b35dab
61,Female,Janet,['Janit'],556726,1880,2023,1954,False,False,"['JH AE1 N AH0 T', 'JH AE1 N IH0 T', 'JH AE1 N IH1 T']",J,"['10', '10', '11']",2,,False,janet,5,,,,,,,,,,,123,golden,pending,False,False,False,False,False,False,False,,0.2.0,374a0f108142d543
59281,Male,Harold,"['Herold', 'Herald', 'Harrold']",553863,1880,2023,1926,False,False,['HH EH1 R AH0 L D'],H,['10'],2,,False,harold,6,,,,,,,,,,,124,golden,pending,False,False,False,False,False,False,False,,0.2.0,8c09aa6688aff34f
62,Female,Martha,[],550862,1880,2023,1947,True,False,['M AA1 R TH AH0'],M,['10'],2,,False,martha,6,,,,,,,,,,,125,golden,pending,False,False,False,False,False,False,False,,0.2.0,0782e35524676f57
59282,Male,Jesse,"['Jessye', 'Jessy', 'Jessie']",544030,1880,2023,1992,True,False,['JH EH1 S IY0'],J,['10'],2,,False,jesse,5,,,,,,,,,,,126,golden,pending,False,False,False,False,False,False,False,,0.2.0,ac3e8cbc233738bc
59283,Male,Arthur,[],541516,1880,2023,1921,False,False,['AA1 R TH ER0'],A,['10'],2,,False,arthur,6,,,,,,,,,,,127,golden,pending,False,False,False,False,False,False,False,,0.2.0,7b44e6151e703d86
63,Female,Marie,['Moree'],539129,1880,2023,1925,False,False,['M ER0 IY1'],M,['01'],2,,False,marie,5,,,,,,,,,,,128,golden,pending,False,False,False,False,False,False,False,,0.2.0,168c801357e31fae
64,Female,Olivia,[],538805,1880,2023,2014,False,False,['OW0 L IH1 V IY0 AH0'],O,['0100'],4,,False,olivia,6,,,,,,,,,,,129,golden,pending,False,False,False,False,False,False,False,,0.2.0,45461b9b9f575184
65,Female,Kathy,"['Kathi', 'Kathie', 'Cathie', 'Cathy']",535064,1910,2023,1958,False,False,['K AE1 TH IY0'],K,['10'],2,,False,kathy,5,,,,,,,,,,,130,golden,pending,False,False,False,False,False,False,False,,0.2.0,42b18892b9910655
66,Female,Heather,[],525565,1914,2023,1975,False,False,['HH EH1 DH ER0'],H,['10'],2,,False,heather,7,,,,,,,,,,,131,golden,pending,False,False,False,False,False,False,False,,0.2.0,8b358a046db2d3d9
67,Female,Grace,[],524649,1880,2023,2003,False,False,['G R EY1 S'],G,['1'],1,,False,grace,5,,,,,,,,,,,132,golden,pending,False,False,False,False,False,False,False,,0.2.0,e7b6b8f94028d96c
68,Female,Cheryl,"['Sherrell', 'Sheryl']",521030,1909,2023,1989,False,False,['SH EH1 R AH0 L'],C,['10'],2,,False,cheryl,6,,,,,,,,,,,133,golden,pending,False,False,False,False,False,False,False,,0.2.0,aaeff4c772dc19b7
69,Female,Victoria,[],519519,1880,2023,1993,False,False,['V IH0 K T AO1 R IY0 AH0'],V,['0100'],4,,False,victoria,8,,,,,,,,,,,134,golden,pending,False,False,False,False,False,False,False,,0.2.0,ffe345ad598a16b4
70,Female,Julie,['Juli'],516905,1880,2023,1961,False,False,['JH UW1 L IY0'],J,['10'],2,,False,julie,5,,,,,,,,,,,135,golden,pending,False,False,False,False,False,False,False,,0.2.0,16fe4b28b5916cce
71,Female,Hannah,"['Hanna', 'Hana']",510502,1880,2023,2005,True,True,['HH AE1 N AH0'],H,['10'],2,,False,hannah,6,,,,,,,,,,,136,golden,pending,False,False,False,False,False,False,False,,0.2.0,80c41c17495c9efc
72,Female,Joyce,['Joice'],509412,1882,2023,1942,False,False,['JH OY1 S'],J,['1'],1,,False,joyce,5,,,,,,,,,,,137,golden,pending,False,False,False,False,False,False,False,,0.2.0,120974026312c3fa
59284,Male,Lawrence,"['Laurance', 'Laurence', 'Lorance', 'Lorence', 'Lawrance']",504951,1880,2023,1956,False,False,['L AO1 R AH0 N S'],L,['10'],2,,False,lawrence,8,,,,,,,,,,,138,golden,pending,False,False,False,False,False,False,False,,0.2.0,04ba42352ba54dcc
73,Female,Rose,[],495741,1880,2023,1917,False,False,['R OW1 Z'],R,['1'],1,,False,rose,4,,,,,,,,,,,139,golden,pending,False,False,False,False,False,False,False,,0.2.0,d35f3c232f0eb6ff
74,Female,Jacqueline,"['Jaclyn', 'Jacklyn', 'Jacklin']",492281,1891,2023,1988,False,False,"['JH AE1 K AH0 L IH0 N', 'JH AE1 K W AH0 L IH0 N', 'JH AE1 K L IH0 N']",J,"['100', '100', '10']",2,,False,jacqueline,10,,,,,,,,,,,140,golden,pending,False,False,False,False,False,False,False,,0.2.0,4ea01fc72b568961
75,Female,Lillian,"['Lilien', 'Lilian', 'Liliane', 'Lilyan']",491565,1880,2023,2021,False,False,"['L IH0 L IY0 AE1 N', 'L IH1 L IY0 AH0 N', 'L IH1 L Y AH0 N']",L,"['001', '100', '10']",2,2.0,False,lillian,7,,,,,,,,,,,141,golden,pending,False,False,False,False,False,False,False,,0.2.0,309a1650b7f9a7ae
59285,Male,Albert,[],490910,1880,2023,1921,False,False,['AE1 L B ER0 T'],A,['10'],2,,False,albert,6,,,,,,,,,,,142,golden,pending,False,False,False,False,False,False,False,,0.2.0,c508a82bab70c82e
59286,Male,Noah,['Noa'],490407,1880,2023,2023,True,False,['N OW1 AH0'],N,['10'],2,,False,noah,4,,,,,,,,,,,143,golden,pending,False,False,False,False,False,False,False,,0.2.0,89a21a4a98a78d48
76,Female,Lauren,['Loren'],486608,1909,2023,1990,False,False,['L AO1 R AH0 N'],L,['10'],2,,False,lauren,6,,,,,,,,,,,144,golden,pending,False,False,False,False,False,False,False,,0.2.0,c56e78e8385bd1a8
59287,Male,Kyle,"['Kyl', 'Kile']",485562,1881,2023,1996,False,False,['K AY1 L'],K,['1'],1,,False,kyle,4,,,,,,,,,,,145,golden,pending,False,False,False,False,False,False,False,,0.2.0,d3141b3af95601e2
59288,Male,Gerald,"['Jerald', 'Jerrold', 'Gerrald']",483371,1880,2023,1954,False,False,['JH EH1 R AH0 L D'],G,['10'],2,,False,gerald,6,,,,,,,,,,,146,golden,pending,False,False,False,False,False,False,False,,0.2.0,44d6b37379d6a85e
77,Female,Allison,"['Allyson', 'Alison']",482697,1905,2023,1998,False,False,"['AE1 L IH0 S AH0 N', 'AE1 L AH0 S AH0 N']",A,"['100', '100']",3,,False,allison,7,,,,,,,,,,,147,golden,pending,False,False,False,False,False,False,False,,0.2.0,04fe1187e28b3277
78,Female,Joan,['Jone'],481508,1880,2023,1954,False,False,['JH OW1 N'],J,['1'],1,,False,joan,4,,,,,,,,,,,148,golden,pending,False,False,False,False,False,False,False,,0.2.0,8ac358a6bfc2eece
59289,Male,Dylan,"['Dillan', 'Dhillon', 'Dillon', 'Dillen']",477261,1892,2023,2004,False,False,['D IH1 L AH0 N'],D,['10'],2,,True,dylan,5,,,,,,,,,,,149,golden,pending,False,False,False,False,False,False,False,,0.2.0,a50f6341c9292294
79,Female,Sherry,"['Cheri', 'Sherrie', 'Sheri', 'Sherri', 'Cherie']",475128,1909,2023,1970,False,False,['SH EH1 R IY0'],S,['10'],2,,False,sherry,6,,,,,,,,,,,150,golden,pending,False,False,False,False,False,False,False,,0.2.0,53841c43d2276975
80,Female,Julia,[],471662,1880,2023,2001,True,False,['JH UW1 L Y AH0'],J,['10'],2,,False,julia,5,,,,,,,,,,,151,golden,pending,False,False,False,False,False,False,False,,0.2.0,6dca23c63f2c6ac5
59290,Male,Ethan,[],471166,1882,2023,2004,False,False,['IY1 TH AH0 N'],E,['10'],2,,False,ethan,5,,,,,,,,,,,152,golden,pending,False,False,False,False,False,False,False,,0.2.0,eb1196f169e02c89
59291,Male,Roger,['Rodger'],463019,1880,2023,1953,False,False,['R AA1 JH ER0'],R,['10'],2,,False,roger,5,,,,,,,,,,,153,golden,pending,False,False,False,False,False,False,False,,0.2.0,40a9e220fa26ab4f
81,Female,Doris,"['Darice', 'Dorice', 'Dorris']",462394,1880,2023,1928,False,False,"['D AA1 R AH0 S', 'D AA1 R IH0 S', 'D AO1 R AH0 S', 'D AO1 R IH0 S']",D,"['10', '10', '10', '10']",2,,False,doris,5,,,,,,,,,,,154,golden,pending,False,False,False,False,False,False,False,,0.2.0,c5568ce0dfc52559
82,Female,Janice,['Janis'],455110,1894,2023,1951,False,False,"['JH AE1 N IH0 S', 'JH AE1 N AH0 S']",J,"['10', '10']",2,,False,janice,6,,,,,,,,,,,155,golden,pending,False,False,False,False,False,False,False,,0.2.0,2cb5ce4e1af88416
59292,Male,Joe,"['Jo', 'Joh']",454963,1880,2023,1984,False,False,['JH OW1'],J,['1'],1,,False,joe,3,,,,,,,,,,,156,golden,pending,False,False,False,False,False,False,False,,0.2.0,2ab9f306ed154500
59293,Male,Willie,"['Willi', 'Willy', 'Willey']",454201,1880,2023,1993,False,False,['W IH1 L IY0'],W,['10'],2,,True,willie,6,,,,,,,,,,,157,golden,pending,False,False,False,False,False,False,False,,0.2.0,2ba0d44b44f005b7
83,Female,Judith,[],454028,1880,2023,1943,True,False,"['JH UW1 D IH0 TH', 'JH UW1 D AH0 TH']",J,"['10', '10']",2,,False,judith,6,,,,,,,,,,,158,golden,pending,False,False,False,False,False,False,False,,0.2.0,efdf9c64c22b11cb
84,Female,Crystal,"['Christal', 'Krystal', 'Christel', 'Kristol', 'Cristal', 'Chrystal']",451854,1884,2023,1991,False,False,['K R IH1 S T AH0 L'],C,['10'],2,,False,crystal,7,,,,,,,,,,,159,golden,pending,False,False,False,False,False,False,False,,0.2.0,c26ddddf9871c570
85,Female,Mildred,[],451221,1880,2023,1920,False,False,['M IH1 L D R IH0 D'],M,['10'],2,,False,mildred,7,,,,,,,,,,,160,golden,pending,False,False,False,False,False,False,False,,0.2.0,6bc0ec1404e1b24b
59294,Male,Christian,[],445905,1880,2023,2000,True,False,"['K R IH1 S CH IH0 N', 'K R IH1 S CH AH0 N']",C,"['10', '10']",2,,True,christian,9,,,,,,,,,,,161,golden,pending,False,False,False,False,False,False,False,,0.2.0,c2213f587478d62f
59295,Male,Jeremy,[],443944,1923,2023,1977,False,False,['JH EH1 R AH0 M IY2'],J,['102'],3,,False,jeremy,6,,,,,,,,,,,162,golden,pending,False,False,False,False,False,False,False,,0.2.0,d54566166d98063b
59296,Male,Johnny,"['Johny', 'Johnnie', 'Johnie']",442951,1880,2023,1947,False,False,['JH AA1 N IY0'],J,['10'],2,,False,johnny,6,,,,,,,,,,,163,golden,pending,False,False,False,False,False,False,False,,0.2.0,174772e606fc5855
86,Female,Andrea,[],442449,1881,2023,1981,False,False,"['AA2 N D R EY1 AH0', 'AE1 N D R IY2 AH0']",A,"['210', '120']",3,,False,andrea,6,,,,,,,,,,,164,golden,pending,False,False,False,False,False,False,False,,0.2.0,6767b0d491f17b48
87,Female,Megan,"['Magan', 'Meighan']",442125,1922,2023,1990,False,False,['M EY1 G AH0 N'],M,['10'],2,,False,megan,5,,,,,,,,,,,165,golden,pending,False,False,False,False,False,False,False,,0.2.0,e8c59210a2733e06
88,Female,Carrie,"['Karry', 'Kerri', 'Kerrey', 'Kerry', 'Carrey', 'Carie', 'Kari', 'Cary', 'Kary', 'Carey', 'Carry']",438391,1880,2023,1978,False,False,"['K AE1 R IY0', 'K EH1 R IY0']",C,"['10', '10']",2,,False,carrie,6,,,,,,,,,,,166,golden,pending,False,False,False,False,False,False,False,,0.2.0,4eb5b9979134408d
59297,Male,Keith,['Keath'],437465,1888,2023,1982,False,False,['K IY1 TH'],K,['1'],1,,False,keith,5,,,,,,,,,,,167,golden,pending,False,False,False,False,False,False,False,,0.2.0,b166bf54276b2344
59298,Male,Austin,['Auston'],435091,1880,2023,1997,False,False,['AO1 S T AH0 N'],A,['10'],2,,False,austin,6,,,,,,,,,,,168,golden,pending,False,False,False,False,False,False,False,,0.2.0,b5efd19bd77306f7
89,Female,Charlotte,[],427311,1880,2023,2021,False,False,['SH AA1 R L AH0 T'],C,['10'],2,,False,charlotte,9,,,,,,,,,,,169,golden,pending,False,False,False,False,False,False,False,,0.2.0,fb614006d610f86d
59299,Male,Terry,"['Terri', 'Teri', 'Tarry', 'Terrie']",426036,1880,2023,1968,False,False,['T EH1 R IY0'],T,['10'],2,,False,terry,5,,,,,,,,,,,170,golden,pending,False,False,False,False,False,False,False,,0.2.0,4ef7418e73185c5c
59300,Male,Harry,[],423203,1880,2023,1918,False,False,['HH EH1 R IY0'],H,['10'],2,,False,harry,5,,,,,,,,,,,171,golden,pending,False,False,False,False,False,False,False,,0.2.0,4aa9fa52e826cc66
90,Female,Tracy,"['Tracey', 'Treacy', 'Traci', 'Tracie']",422536,1884,2023,1971,False,False,['T R EY1 S IY0'],T,['10'],2,,True,tracy,5,,,,,,,,,,,172,golden,pending,False,False,False,False,False,False,False,,0.2.0,fd916af50063504d
59301,Male,Jordan,"['Jordon', 'Jorden']",415654,1880,2023,2011,True,False,['JH AO1 R D AH0 N'],J,['10'],2,,True,jordan,6,,,,,,,,,,,173,golden,pending,False,False,False,False,False,False,False,,0.2.0,f027ea294e5468dc
59302,Male,Billy,"['Bily', 'Billie']",415424,1880,2023,1978,False,False,['B IH1 L IY0'],B,['10'],2,,False,billy,5,,,,,,,,,,,174,golden,pending,False,False,False,False,False,False,False,,0.2.0,9b458bbb169ef6e6
91,Female,Gloria,[],414375,1881,2023,1947,False,False,['G L AO1 R IY0 AH0'],G,['100'],3,,False,gloria,6,,,,,,,,,,,175,golden,pending,False,False,False,False,False,False,False,,0.2.0,83507d2397a02513
59303,Male,Ralph,[],413608,1880,2023,1921,False,False,['R AE1 L F'],R,['1'],1,,False,ralph,5,,,,,,,,,,,176,golden,pending,False,False,False,False,False,False,False,,0.2.0,35d2128960d3d50c
92,Female,Madison,['Maddison'],410184,1970,2023,2001,False,False,"['M AE1 D IH0 S AH0 N', 'M AE1 D AH0 S AH0 N']",M,"['100', '100']",3,,False,madison,7,,,,,,,,,,,177,golden,pending,False,False,False,False,False,False,False,,0.2.0,2b816f1774bc0dae
59304,Male,Roy,"['Roye', 'Roi']",407951,1880,2023,2023,False,False,['R OY1'],R,['1'],1,,False,roy,3,,,,,,,,,,,178,golden,pending,False,False,False,False,False,False,False,,0.2.0,eee8dfebf67aef7f
59305,Male,Derek,"['Deryck', 'Derik', 'Derrick', 'Derick']",406771,1917,2023,2009,False,False,['D EH1 R IH0 K'],D,['10'],2,,False,derek,5,,,,,,,,,,,179,golden,pending,False,False,False,False,False,False,False,,0.2.0,e9689adc7b308eed
93,Female,Lily,"['Lili', 'Lilley', 'Lillie', 'Lilli', 'Liley', 'Lilly']",406582,1880,2023,2011,False,False,['L IH1 L IY0'],L,['10'],2,2.0,False,lily,4,,,,,,,,,,,180,golden,pending,False,False,False,False,False,False,False,,0.2.0,b6fd07ae3db94878
94,Female,Jane,"['Jayne', 'Jain']",406280,1880,2023,1958,False,False,"['JH EY1 N', 'JH AY1 N']",J,"['1', '1']",1,,False,jane,4,,,,,,,,,,,181,golden,pending,False,False,False,False,False,False,False,,0.2.0,9456a063798de423
95,Female,Tammy,"['Tami', 'Tammie']",405225,1927,2023,1963,False,False,['T AE1 M IY0'],T,['10'],2,,False,tammy,5,,,,,,,,,,,182,golden,pending,False,False,False,False,False,False,False,,0.2.0,5d6b202ec0174bd0
59306,Male,Louis,"['Lewis', 'Lewey', 'Lewi']",403535,1880,2023,1921,False,False,"['L UW1 IH0 S', 'L UW1 IY0']",L,"['10', '10']",2,,False,louis,5,,,,,,,,,,,183,golden,pending,False,False,False,False,False,False,False,,0.2.0,cc40b9a26b3d7dc5
96,Female,Abigail,[],402659,1880,2023,2003,True,False,['AE1 B AH0 G EY2 L'],A,['102'],3,,False,abigail,7,,,,,,,,,,,184,golden,pending,False,False,False,False,False,False,False,,0.2.0,300a08015e2bd3cf
59307,Male,Jimmy,"['Jimi', 'Jimmie']",401563,1880,2023,1971,False,False,['JH IH1 M IY0'],J,['10'],2,,False,jimmy,5,,,,,,,,,,,185,golden,pending,False,False,False,False,False,False,False,,0.2.0,cb549beba6bcac1a
97,Female,Isabella,[],395255,1880,2023,2010,False,False,['IH2 Z AH0 B EH1 L AH0'],I,['2010'],4,,False,isabella,8,,,,,,,,,,,186,golden,pending,False,False,False,False,False,False,False,,0.2.0,9d1aa84997ccc61b
98,Female,Natalie,['Nathalie'],393472,1880,2023,2009,False,False,['N AE1 T AH0 L IY0'],N,['100'],3,,False,natalie,7,,,,,,,,,,,187,golden,pending,False,False,False,False,False,False,False,,0.2.0,8835fd9954f99382
99,Female,Judy,['Judi'],393070,1880,2023,1947,False,False,['JH UW1 D IY0'],J,['10'],2,,False,judy,4,,,,,,,,,,,188,golden,pending,False,False,False,False,False,False,False,,0.2.0,00f0798b8b492809
100,Female,Beverly,['Beverley'],391107,1893,2023,1953,False,False,['B EH1 V ER0 L IY0'],B,['100'],3,,False,beverly,7,,,,,,,,,,,189,golden,pending,False,False,False,False,False,False,False,,0.2.0,9d7faa0819817f95
101,Female,Marilyn,['Marilynn'],386173,1899,2023,1947,False,False,"['M EH1 R AH0 L IH0 N', 'M EH1 R AH0 L AH0 N']",M,"['100', '100']",3,,False,marilyn,7,,,,,,,,,,,190,golden,pending,False,False,False,False,False,False,False,,0.2.0,f79c920b5daa4cd5
102,Female,Hailey,"['Haley', 'Hayley', 'Halley']",386001,1890,2023,2003,False,False,['HH EY1 L IY0'],H,['10'],2,,False,hailey,6,,,,,,,,,,,191,golden,pending,False,False,False,False,False,False,False,,0.2.0,ebfb0645e6cb83dc
59308,Male,Bruce,[],385744,1880,2023,1956,False,False,['B R UW1 S'],B,['1'],1,,False,bruce,5,,,,,,,,,,,192,golden,pending,False,False,False,False,False,False,False,,0.2.0,366f98fd2421fce9
103,Female,Denise,['Denice'],383828,1882,2023,1961,False,False,['D IH0 N IY1 S'],D,['01'],2,,False,denise,6,,,,,,,,,,,193,golden,pending,False,False,False,False,False,False,False,,0.2.0,f97afacea0432ae8
104,Female,Ruby,"['Rubi', 'Rubey', 'Rubie']",383202,1880,2023,2016,False,False,['R UW1 B IY0'],R,['10'],2,,False,ruby,4,,,,,,,,,,,194,golden,pending,False,False,False,False,False,False,False,,0.2.0,688df44d72a564b8
59309,Male,Gabriel,[],382625,1880,2023,2008,True,False,['G EY1 B R IY0 AH0 L'],G,['100'],3,,False,gabriel,7,,,,,,,,,,,195,golden,pending,False,False,False,False,False,False,False,,0.2.0,c3d98f14e2d0ae4a
59310,Male,Eugene,[],380165,1880,2023,1927,False,False,"['Y UW1 JH IY0 N', 'Y UW0 JH IY1 N']",E,"['10', '01']",2,,False,eugene,6,,,,,,,,,,,196,golden,pending,False,False,False,False,False,False,False,,0.2.0,76b057f9a92c6a00
105,Female,Erica,"['Erika', 'Ericka']",379842,1908,2023,1990,False,False,['EH1 R IH0 K AH0'],E,['100'],3,,False,erica,5,,,,,,,,,,,197,golden,pending,False,False,False,False,False,False,False,,0.2.0,26437cff1ace6dd0
59311,Male,Logan,[],376005,1880,2023,2007,False,False,['L OW1 G AH0 N'],L,['10'],2,,True,logan,5,,,,,,,,,,,198,golden,pending,False,False,False,False,False,False,False,,0.2.0,0130c62e14fe9c7f
59312,Male,Russell,['Russel'],374476,1880,2023,1960,False,False,['R AH1 S AH0 L'],R,['10'],2,,False,russell,7,,,,,,,,,,,199,golden,pending,False,False,False,False,False,False,False,,0.2.0,9f090a06cbc1fdb9
59313,Male,Glenn,['Glen'],373936,1880,2023,1962,False,False,['G L EH1 N'],G,['1'],1,,False,glenn,5,,,,,,,,,,,200,golden,pending,False,False,False,False,False,False,False,,0.2.0,f63bd1d563171152
106,Female,Amber,[],373532,1880,2023,1986,False,False,['AE1 M B ER0'],A,['10'],2,,False,amber,5,,,,,,,,,,,201,golden,pending,False,False,False,False,False,False,False,,0.2.0,818850f5ad95605f
107,Female,Danielle,[],370629,1937,2023,1987,False,False,"['D AE2 N Y EH1 L', 'D AE2 N IY0 EH1 L']",D,"['21', '201']",2,,False,danielle,8,,,,,,,,,,,202,golden,pending,False,False,False,False,False,False,False,,0.2.0,c3a9c5e37b20481f
108,Female,Joanne,['Joann'],368600,1888,2023,1947,False,False,['JH OW2 AE1 N'],J,['21'],2,,False,joanne,6,,,,,,,,,,,203,golden,pending,False,False,False,False,False,False,False,,0.2.0,82da2a8f43e57103
109,Female,Diana,['Dyana'],367778,1880,2023,2004,True,False,['D AY0 AE1 N AH0'],D,['010'],3,,False,diana,5,,,,,,,,,,,204,golden,pending,False,False,False,False,False,False,False,,0.2.0,d9e7ecb1fc3bf555
59314,Male,Juan,"['Huan', 'Won', 'Wan']",360602,1880,2023,2005,False,False,"['W AA1 N', 'HH W AA1 N']",J,"['1', '1']",1,,False,juan,4,,,,,,,,,,,205,golden,pending,False,False,False,False,False,False,False,,0.2.0,d6712dc6e84173b4
59315,Male,Ernest,['Earnest'],360420,1880,2023,1926,True,False,"['ER1 N AH0 S T', 'ER1 N IH0 S T']",E,"['10', '10']",2,,False,ernest,6,,,,,,,,,,,206,golden,pending,False,False,False,False,False,False,False,,0.2.0,4981ddfe5d9cf59e
110,Female,Brittany,[],360019,1963,2023,1989,False,False,['B R IH1 T AH0 N IY0'],B,['100'],3,,False,brittany,8,,,,,,,,,,,207,golden,pending,False,False,False,False,False,False,False,,0.2.0,9671917855e0b881
111,Female,Annie,['Anny'],358336,1880,2023,2023,False,False,['AE1 N IY0'],A,['10'],2,,False,annie,5,,,,,,,,,,,208,golden,pending,False,False,False,False,False,False,False,,0.2.0,39c185e6b373fc1b
59316,Male,Elijah,[],357932,1880,2023,2011,False,False,"['EH0 L AY1 JH AH0', 'IY0 L AY1 JH AH0']",E,"['010', '010']",3,,False,elijah,6,,,,,,,,,,,209,golden,pending,False,False,False,False,False,False,False,,0.2.0,1a336c5b6f52ceaf
112,Female,Brianna,['Briana'],357812,1950,2023,2000,False,False,"['B R IY0 AA1 N AH0', 'B R IY0 AE1 N AH0']",B,"['010', '010']",3,,False,brianna,7,,,,,,,,,,,210,golden,pending,False,False,False,False,False,False,False,,0.2.0,c6f62520f2c4fdaf
59317,Male,Vincent,[],356807,1880,2023,1962,False,False,"['V IH1 N S IH0 N T', 'V IH1 N S AH0 N T']",V,"['10', '10']",2,,False,vincent,7,,,,,,,,,,,211,golden,pending,False,False,False,False,False,False,False,,0.2.0,e9fa4c81c86bd07b
113,Female,Irene,['Ireene'],354626,1880,2023,1922,False,False,['AY0 R IY1 N'],I,['01'],2,,False,irene,5,,,,,,,,,,,212,golden,pending,False,False,False,False,False,False,False,,0.2.0,35af0bf8b6f816bc
59318,Male,Wayne,"['Wain', 'Wane']",354160,1880,2023,1956,False,False,['W EY1 N'],W,['1'],1,,False,wayne,5,,,,,,,,,,,213,golden,pending,False,False,False,False,False,False,False,,0.2.0,7e11a4048c4054c9
59319,Male,Frederick,"['Fredrich', 'Frederic', 'Fredrick', 'Fredric']",352036,1880,2023,1955,False,False,"['F R EH1 D ER0 IH0 K', 'F R EH1 D R IH0 K']",F,"['100', '10']",2,,False,frederick,9,,,,,,,,,,,214,golden,pending,False,False,False,False,False,False,False,,0.2.0,5667fecebcbe6885
114,Female,Alyssa,['Alissa'],351453,1948,2023,1999,False,False,['AH0 L IH1 S AH0'],A,['010'],3,2.0,False,alyssa,6,,,,,,,,,,,215,golden,pending,False,False,False,False,False,False,False,,0.2.0,676a1eb6569cdfca
115,Female,Christy,"['Kristy', 'Christi', 'Christie', 'Kristie', 'Kristi']",350642,1881,2023,1978,False,False,['K R IH1 S T IY0'],C,['10'],2,,False,christy,7,,,,,,,,,,,216,golden,pending,False,False,False,False,False,False,False,,0.2.0,b6ba338b28cd00d0
116,Female,Stacy,"['Stacie', 'Stacey']",350457,1892,2023,1971,False,False,['S T EY1 S IY0'],S,['10'],2,2.0,True,stacy,5,,,,,,,,,,,217,golden,pending,False,False,False,False,False,False,False,,0.2.0,03531e1483c07859
117,Female,Kayla,"['Kayle', 'Cayle']",348914,1933,2023,2000,False,False,['K EY1 L AH0'],K,['10'],2,,False,kayla,5,,,,,,,,,,,218,golden,pending,False,False,False,False,False,False,False,,0.2.0,861b27c78f60d0a5
59320,Male,Howard,[],346226,1880,2023,1921,False,False,['HH AW1 ER0 D'],H,['10'],2,,False,howard,6,,,,,,,,,,,219,golden,pending,False,False,False,False,False,False,False,,0.2.0,2872fa11d90543fb
59321,Male,Darrell,"['Darrel', 'Darryl', 'Deryle', 'Daryl']",344299,1886,2023,1961,False,False,['D EH1 R AH0 L'],D,['10'],2,,False,darrell,7,,,,,,,,,,,220,golden,pending,False,False,False,False,False,False,False,,0.2.0,9d8b321efb822219
59322,Male,Fred,"['Fread', 'Freda']",343831,1880,2023,1942,False,False,['F R EH1 D'],F,['1'],1,,False,fred,4,,,,,,,,,,,221,golden,pending,False,False,False,False,False,False,False,,0.2.0,137365788a23b82f
118,Female,Alexis,[],343345,1931,2023,1998,False,False,['AH0 L EH1 K S IH0 S'],A,['010'],3,,True,alexis,6,,,,,,,,,,,222,golden,pending,False,False,False,False,False,False,False,,0.2.0,c17923dab7dc0cb2
59323,Male,Philip,"['Phillip', 'Phillippe', 'Philipp', 'Phillipp', 'Filip', 'Fillip']",342860,1880,2023,1954,True,False,"['F IH1 L AH0 P', 'F IH1 L IH0 P']",P,"['10', '10']",2,,False,philip,6,,,,,,,,,,,223,golden,pending,False,False,False,False,False,False,False,,0.2.0,ef043c1e8beb495e
59324,Male,Isaac,['Issac'],342849,1880,2023,2008,True,False,"['IH1 S AH0 K', 'AY1 Z IH0 K', 'AY1 Z AH0 K']",I,"['10', '10', '10']",2,,False,isaac,5,,,,,,,,,,,224,golden,pending,False,False,False,False,False,False,False,,0.2.0,d8bd9d4f0585a2eb
119,Female,Ella,['Ela'],342227,1880,2023,2018,False,False,['EH1 L AH0'],E,['10'],2,,False,ella,4,,,,,,,,,,,225,golden,pending,False,False,False,False,False,False,False,,0.2.0,08203df233f8292f
120,Female,Taylor,"['Tailor', 'Tayler']",340534,1951,2023,1997,False,False,['T EY1 L ER0'],T,['10'],2,,True,taylor,6,,,,,,,,,,,226,golden,pending,False,False,False,False,False,False,False,,0.2.0,e9bea5d7fd992b64
121,Female,Florence,['Florance'],339246,1880,2023,1918,False,False,['F L AO1 R AH0 N S'],F,['10'],2,,False,florence,8,,,,,,,,,,,227,golden,pending,False,False,False,False,False,False,False,,0.2.0,6abaac08559a173a
122,Female,Tiffany,[],338228,1942,2023,1988,False,False,['T IH1 F AH0 N IY0'],T,['100'],3,,False,tiffany,7,,,,,,,,,,,228,golden,pending,False,False,False,False,False,False,False,,0.2.0,15c4d25ec21aadbf
123,Female,Louise,[],335316,1880,2023,1921,False,False,['L UW0 IY1 Z'],L,['01'],2,,False,louise,6,,,,,,,,,,,229,golden,pending,False,False,False,False,False,False,False,,0.2.0,287415f04aa8291a
124,Female,Bonnie,"['Bonny', 'Bonney']",333821,1880,2023,1958,False,False,['B AA1 N IY0'],B,['10'],2,,False,bonnie,6,,,,,,,,,,,230,golden,pending,False,False,False,False,False,False,False,,0.2.0,dd577cc55dc8bd68
59325,Male,Bobby,"['Bobbi', 'Bobbie']",333125,1889,2023,1971,False,False,['B AA1 B IY0'],B,['10'],2,2.0,False,bobby,5,,,,,,,,,,,231,golden,pending,False,False,False,False,False,False,False,,0.2.0,8c35caa791292a4e
125,Female,Lois,[],332706,1880,2023,1927,True,False,['L OW1 AH0 S'],L,['10'],2,,False,lois,4,,,,,,,,,,,232,golden,pending,False,False,False,False,False,False,False,,0.2.0,48e6630be4443796
126,Female,Marion,"['Marian', 'Merion']",330646,1880,2023,1947,False,False,['M EH1 R IY0 AH0 N'],M,['100'],3,,True,marion,6,,,,,,,,,,,233,golden,pending,False,False,False,False,False,False,False,,0.2.0,805111fc0f184c20
59326,Male,Victor,['Viktor'],330340,1880,2023,2018,False,False,['V IH1 K T ER0'],V,['10'],2,,False,victor,6,,,,,,,,,,,234,golden,pending,False,False,False,False,False,False,False,,0.2.0,21578da837740091
59327,Male,Randy,['Randi'],330175,1915,2023,1960,False,False,['R AE1 N D IY0'],R,['10'],2,,False,randy,5,,,,,,,,,,,235,golden,pending,False,False,False,False,False,False,False,,0.2.0,dcdd5f571ae13869
59328,Male,Mason,[],329640,1880,2023,2011,False,False,['M EY1 S AH0 N'],M,['10'],2,,False,mason,5,,,,,,,,,,,236,golden,pending,False,False,False,False,False,False,False,,0.2.0,8370674f94745ea8
127,Female,Dolores,['Delores'],329107,1880,2023,1932,False,False,['D AH0 L AO1 R IH0 S'],D,['010'],3,,False,dolores,7,,,,,,,,,,,237,golden,pending,False,False,False,False,False,False,False,,0.2.0,7bb9ffff1adc7948
128,Female,Ava,['Eva'],327483,1880,2023,2007,True,True,['EY1 V AH0'],A,['10'],2,,False,ava,3,,,,,,,,,,,238,golden,pending,False,False,False,False,False,False,False,,0.2.0,846e905e023d0eba
129,Female,Phyllis,['Phillis'],326150,1880,2023,1949,False,False,['F IH1 L IH0 S'],P,['10'],2,,False,phyllis,7,,,,,,,,,,,239,golden,pending,False,False,False,False,False,False,False,,0.2.0,5fe8481062c60835
130,Female,Josephine,[],323524,1880,2023,1918,False,False,['JH OW1 S AH0 F IY2 N'],J,['102'],3,,False,josephine,9,,,,,,,,,,,240,golden,pending,False,False,False,False,False,False,False,,0.2.0,3557ced5661004e7
131,Female,Vicki,"['Vickie', 'Vicky', 'Vickey']",322572,1907,2023,1957,False,False,['V IH1 K IY0'],V,['10'],2,,False,vicki,5,,,,,,,,,,,241,golden,pending,False,False,False,False,False,False,False,,0.2.0,a177ed61f7a9b3e3
132,Female,Eleanor,"['Elleanor', 'Eleanore']",321822,1880,2023,1920,False,False,"['EH1 L AH0 N ER0', 'EH1 L AH0 N AO0 R']",E,"['100', '100']",3,,False,eleanor,7,,,,,,,,,,,242,golden,pending,False,False,False,False,False,False,False,,0.2.0,19eede1f65e25044
59329,Male,Connor,"['Konor', 'Conor', 'Coner', 'Koner', 'Conner', 'Konner']",318166,1913,2023,2017,False,False,"['K AA1 N ER0', 'K AA1 N AO1 R']",C,"['10', '11']",2,,False,connor,6,,,,,,,,,,,243,golden,pending,False,False,False,False,False,False,False,,0.2.0,8d33e870fd2d9fb5
133,Female,Erin,"['Aerin', 'Airin', 'Errin']",317675,1888,2023,2008,False,False,"['ER1 IH0 N', 'EH1 R IH1 N', 'ER1 IH1 N', 'EH1 R IH0 N', 'EY1 IY1 AA1 R IH1 N', 'EY1 IY1 AA1 R IH0 N']",E,"['10', '11', '11', '10', '1111', '1110']",2,,False,erin,4,,,,,,,,,,,244,golden,pending,False,False,False,False,False,False,False,,0.2.0,e38bd2a00604476e
59330,Male,Liam,[],315184,1947,2023,2023,False,False,['L IY1 AH0 M'],L,['10'],2,,False,liam,4,Irish,IE,Strong-willed warrior,LEE-um,True,99.0,Wikidata,,2026-09-03,Verified manually,245,golden,pending,True,True,False,False,False,False,False,,0.2.0,1a5d1fb2849cc27a
59331,Male,Phillip,"['Philipp', 'Filip', 'Phillipp', 'Philip']",313961,1880,2023,2012,False,False,['F IH1 L IH0 P'],P,['10'],2,,False,phillip,7,,,,,,,,,,,246,golden,pending,False,False,False,False,False,False,False,,0.2.0,03aeee54327d3148
59332,Male,Martin,"['Marton', 'Marten', 'Martyn']",313409,1880,2023,1963,False,False,"['M AA1 R T IH0 N', 'M AA1 R T AH0 N']",M,"['10', '10']",2,,False,martin,6,,,,,,,,,,,247,golden,pending,False,False,False,False,False,False,False,,0.2.0,76dd658ce31eaa3e
59333,Male,Caleb,[],313215,1880,2023,2002,True,False,['K EY1 L AH0 B'],C,['10'],2,,False,caleb,5,,,,,,,,,,,248,golden,pending,False,False,False,False,False,False,False,,0.2.0,8794ccf4e1de79bb
59334,Male,Luke,['Luc'],312469,1880,2023,2014,True,False,['L UW1 K'],L,['1'],1,,False,luke,4,,,,,,,,,,,249,golden,pending,False,False,False,False,False,False,False,,0.2.0,a5d2e05b5ec35cf0
59335,Male,Lucas,['Lucus'],311754,1881,2023,2017,True,False,['L UW1 K AH0 S'],L,['10'],2,,False,lucas,5,,,,,,,,,,,250,golden,pending,False,False,False,False,False,False,False,,0.2.0,3553ef841d7363cc
59336,Male,Bradley,[],311277,1880,2023,1980,False,False,['B R AE1 D L IY0'],B,['10'],2,,False,bradley,7,,,,,,,,,,,251,golden,pending,False,False,False,False,False,False,False,,0.2.0,2cd2e8c884b8eea1
59337,Male,Travis,[],306901,1880,2023,1989,False,False,['T R AE1 V IH0 S'],T,['10'],2,,False,travis,6,,,,,,,,,,,252,golden,pending,False,False,False,False,False,False,False,,0.2.0,0b58063670e9bff7
134,Female,Terri,"['Teri', 'Terry', 'Tarry', 'Terrie']",306859,1892,2023,1969,False,False,['T EH1 R IY0'],T,['10'],2,,False,terri,5,,,,,,,,,,,253,golden,pending,False,False,False,False,False,False,False,,0.2.0,0090bbd83ce89c15
135,Female,Jamie,"['Jami', 'Jayme', 'Jaimie']",305712,1884,2023,1985,False,False,['JH EY1 M IY0'],J,['10'],2,,True,jamie,5,,,,,,,,,,,254,golden,pending,False,False,False,False,False,False,False,,0.2.0,86d8b789d18f9091
59338,Male,Leonard,"['Lenard', 'Lennard']",304594,1880,2023,1949,False,False,['L EH1 N ER0 D'],L,['10'],2,,False,leonard,7,,,,,,,,,,,255,golden,pending,False,False,False,False,False,False,False,,0.2.0,f310df21cff97f4a
136,Female,Audrey,['Audry'],303935,1881,2023,2015,False,False,['AO1 D R IY0'],A,['10'],2,,False,audrey,6,,,,,,,,,,,256,golden,pending,False,False,False,False,False,False,False,,0.2.0,41d0ce0ee0661063
59339,Male,Cameron,['Kameran'],303894,1882,2023,2011,False,False,"['K AE1 M ER0 AH0 N', 'K AE1 M ER0 AE1 N']",C,"['100', '101']",3,,True,cameron,7,,,,,,,,,,,257,golden,pending,False,False,False,False,False,False,False,,0.2.0,34e9726b4adc6015
137,Female,Leslie,"['Lesley', 'Lessley']",303811,1880,2023,2002,False,False,['L EH1 S L IY0'],L,['10'],2,2.0,True,leslie,6,,,,,,,,,,,258,golden,pending,False,False,False,False,False,False,False,,0.2.0,cb26ec58481c3abb
59340,Male,Clarence,[],303329,1880,2023,1921,False,False,['K L EH1 R AH0 N S'],C,['10'],2,,False,clarence,8,,,,,,,,,,,259,golden,pending,False,False,False,False,False,False,False,,0.2.0,da5a62222890f18d
59341,Male,Carlos,[],301917,1880,2023,2001,False,False,['K AA1 R L OW0 S'],C,['10'],2,,False,carlos,6,,,,,,,,,,,260,golden,pending,False,False,False,False,False,False,False,,0.2.0,d1d6a8e094da9ea7
59342,Male,Stanley,['Stanly'],301830,1880,2023,1954,False,False,['S T AE1 N L IY0'],S,['10'],2,,False,stanley,7,,,,,,,,,,,261,golden,pending,False,False,False,False,False,False,False,,0.2.0,a3edea8dca302a51
59343,Male,Earl,['Earle'],300544,1880,2023,1921,False,False,['ER1 L'],E,['1'],1,,False,earl,4,,,,,,,,,,,262,golden,pending,False,False,False,False,False,False,False,,0.2.0,8462fe59a19768f7
138,Female,Peggy,['Peggie'],300087,1880,2023,1958,False,False,['P EH1 G IY0'],P,['10'],2,,False,peggy,5,,,,,,,,,,,263,golden,pending,False,False,False,False,False,False,False,,0.2.0,535f0d96f0ddd4fd
59344,Male,Craig,[],299426,1881,2023,1960,False,False,['K R EY1 G'],C,['1'],1,,False,craig,5,,,,,,,,,,,264,golden,pending,False,False,False,False,False,False,False,,0.2.0,700dadfcf73eac36
139,Female,Kaitlyn,"['Kaitlynne', 'Caitlynne', 'Caitlyn', 'Kaitlin', 'Caitlynn', 'Kaitlynn', 'Kaitlinn', 'Caitlinn']",298494,1968,2023,2002,False,False,['K AY1 T IY1 L IH1 N'],K,['111'],3,,False,kaitlyn,7,,,,,,,,,,,265,golden,pending,False,False,False,False,False,False,False,,0.2.0,ab6b5865f74b3dbb
140,Female,Tina,['Teena'],297762,1880,2023,1968,False,False,['T IY1 N AH0'],T,['10'],2,,False,tina,4,,,,,,,,,,,266,golden,pending,False,False,False,False,False,False,False,,0.2.0,a91a32932a4e9f38
141,Female,Marjorie,"['Margery', 'Marjory']",297367,1880,2023,1921,False,False,"['M AA1 R JH ER0 IY0', 'M AA1 R JH R IY0']",M,"['100', '10']",2,,False,marjorie,8,,,,,,,,,,,267,golden,pending,False,False,False,False,False,False,False,,0.2.0,863552767f8e6e86
142,Female,Clara,['Claira'],296297,1880,2023,2014,False,False,"['K L AE1 R AH0', 'K L EH1 R AH0', 'K L EH1 R EY1']",C,"['10', '10', '11']",2,,False,clara,5,,,,,,,,,,,268,golden,pending,False,False,False,False,False,False,False,,0.2.0,0b889cdbb3e94320
143,Female,Shannon,[],295599,1912,2023,1970,False,False,['SH AE1 N AH0 N'],S,['10'],2,,True,shannon,7,,,,,,,,,,,269,golden,pending,False,False,False,False,False,False,False,,0.2.0,d1e00eb02f9bfd78
144,Female,Edna,[],294916,1880,2023,1918,False,False,['EH1 D N AH0'],E,['10'],2,,False,edna,4,,,,,,,,,,,270,golden,pending,False,False,False,False,False,False,False,,0.2.0,9c8020baf96c60d5
59345,Male,Danny,['Dannie'],294825,1893,2023,1954,False,False,['D AE1 N IY0'],D,['10'],2,,False,danny,5,,,,,,,,,,,271,golden,pending,False,False,False,False,False,False,False,,0.2.0,3aee328f2110674c
59346,Male,Francis,['Frances'],294021,1880,2023,1928,False,False,"['F R AE1 N S AH0 S', 'F R AE1 N S IH0 S']",F,"['10', '10']",2,,False,francis,7,,,,,,,,,,,272,golden,pending,False,False,False,False,False,False,False,,0.2.0,e04d1898d810e7c7
145,Female,Hazel,['Hazle'],292184,1880,2023,1924,False,False,['HH EY1 Z AH0 L'],H,['10'],2,,False,hazel,5,,,,,,,,,,,273,golden,pending,False,False,False,False,False,False,False,,0.2.0,f669c53854434b7a
59347,Male,Theodore,[],291668,1880,2023,2023,False,False,['TH IY1 AH0 D AO2 R'],T,['102'],3,,False,theodore,8,,,,,,,,,,,274,golden,pending,False,False,False,False,False,False,False,,0.2.0,cfed7931634b6d5f
146,Female,Robin,"['Robbin', 'Robyn', 'Robben']",291199,1904,2023,1961,False,False,"['R AA1 B IH0 N', 'R AA1 B AH0 N']",R,"['10', '10']",2,,True,robin,5,,,,,,,,,,,275,golden,pending,False,False,False,False,False,False,False,,0.2.0,1df9b7d19da47cfe
147,Female,Dawn,['Daun'],290220,1888,2023,1970,False,False,['D AO1 N'],D,['1'],1,,False,dawn,4,,,,,,,,,,,276,golden,pending,False,False,False,False,False,False,False,,0.2.0,140a042d75ec2419
59348,Male,Cody,['Coady'],289921,1884,2023,1992,False,False,['K OW1 D IY0'],C,['10'],2,,False,cody,4,,,,,,,,,,,277,golden,pending,False,False,False,False,False,False,False,,0.2.0,e7a7cca1f2067ab6
59349,Male,Todd,['Tod'],289828,1881,2023,1964,False,False,['T AA1 D'],T,['1'],1,,False,todd,4,,,,,,,,,,,278,golden,pending,False,False,False,False,False,False,False,,0.2.0,d9421a12625fc5fa
59350,Male,Luis,[],287626,1880,2023,2007,False,False,['L UW0 IY1 S'],L,['01'],2,,False,luis,4,,,,,,,,,,,279,golden,pending,False,False,False,False,False,False,False,,0.2.0,17035e298c3c1974
148,Female,Lindsey,['Lindsay'],287387,1916,2023,1984,False,False,['L IH1 N D Z IY0'],L,['10'],2,,False,lindsey,7,,,,,,,,,,,280,golden,pending,False,False,False,False,False,False,False,,0.2.0,d425a68e289ef64f
149,Female,Mia,[],286817,1933,2023,2015,False,False,['M IY1 AH0'],M,['10'],2,,False,mia,3,,,,,,,,,,,281,golden,pending,False,False,False,False,False,False,False,,0.2.0,c8afd11ed4c6a872
150,Female,Rita,['Rheta'],285312,1880,2023,1949,False,False,['R IY1 T AH0'],R,['10'],2,,False,rita,4,,,,,,,,,,,282,golden,pending,False,False,False,False,False,False,False,,0.2.0,083baaa972f885da
151,Female,Gail,"['Gaile', 'Gael', 'Gayle', 'Gale']",284526,1881,2023,1957,False,False,['G EY1 L'],G,['1'],1,,False,gail,4,,,,,,,,,,,283,golden,pending,False,False,False,False,False,False,False,,0.2.0,fc83d08967b5d76d
59351,Male,Jackson,[],283583,1880,2023,2013,False,False,['JH AE1 K S AH0 N'],J,['10'],2,,False,jackson,7,,,,,,,,,,,284,golden,pending,False,False,False,False,False,False,False,,0.2.0,8a5047db592a82f3
59352,Male,Evan,['Evon'],283451,1880,2023,2007,False,False,['EH1 V AH0 N'],E,['10'],2,,False,evan,4,,,,,,,,,,,285,golden,pending,False,False,False,False,False,False,False,,0.2.0,6d5405830afc2de0
59353,Male,Curtis,"['Kurtis', 'Curtiss']",283178,1880,2023,1989,False,False,"['K ER1 T IH0 S', 'K ER1 T AH0 S']",C,"['10', '10']",2,,False,curtis,6,,,,,,,,,,,286,golden,pending,False,False,False,False,False,False,False,,0.2.0,01d9e67d9b246f95
152,Female,Wanda,['Wonda'],282944,1880,2023,1961,False,False,['W AA1 N D AH0'],W,['10'],2,,False,wanda,5,,,,,,,,,,,287,golden,pending,False,False,False,False,False,False,False,,0.2.0,a285d53028dbfc52
59354,Male,Alex,['Alexs'],282900,1880,2023,2011,False,False,['AE1 L AH0 K S'],A,['10'],2,,False,alex,4,,,,,,,,,,,288,golden,pending,False,False,False,False,False,False,False,,0.2.0,711d2290de654a29
153,Female,Esther,['Ester'],282629,1880,2023,1925,False,False,['EH1 S T ER0'],E,['10'],2,,False,esther,6,,,,,,,,,,,289,golden,pending,False,False,False,False,False,False,False,,0.2.0,dce4e2f71481dd0b
59355,Male,Nathaniel,[],281917,1880,2023,2002,False,False,['N AH0 TH AE1 N Y AH0 L'],N,['010'],3,2.0,False,nathaniel,9,,,,,,,,,,,290,golden,pending,False,False,False,False,False,False,False,,0.2.0,105a976048a2cc0c
154,Female,Ethel,['Ethyl'],281258,1880,2023,1918,False,False,['EH1 TH AH0 L'],E,['10'],2,,False,ethel,5,,,,,,,,,,,291,golden,pending,False,False,False,False,False,False,False,,0.2.0,4bd8cd94f635b932
155,Female,Eva,"['Ava', 'Iva']",280247,1880,2023,1918,False,False,"['EY1 V AH0', 'IY1 V AH0']",E,"['10', '10']",2,,False,eva,3,,,,,,,,,,,292,golden,pending,False,False,False,False,False,False,False,,0.2.0,b7ec1c011dad0c86
156,Female,Paula,[],280160,1880,2023,1963,False,False,['P AO1 L AH0'],P,['10'],2,,False,paula,5,,,,,,,,,,,293,golden,pending,False,False,False,False,False,False,False,,0.2.0,a6c5ce17ee90aff1
59356,Male,Dale,"['Dail', 'Dayle']",279458,1881,2023,1958,False,False,"['D OY1 L # org, irish', 'D EY1 L']",D,"['1', '1']",1,,True,dale,4,,,,,,,,,,,294,golden,pending,False,False,False,False,False,False,False,,0.2.0,443abb240991a3cd
157,Female,Norma,[],277905,1880,2023,1931,False,False,['N AO1 R M AH0'],N,['10'],2,,False,norma,5,,,,,,,,,,,295,golden,pending,False,False,False,False,False,False,False,,0.2.0,2eb5ff7b26fa7fdf
158,Female,Valerie,"['Valery', 'Vallery']",277819,1884,2023,2010,False,False,['V AE1 L ER0 IY0'],V,['100'],3,,False,valerie,7,,,,,,,,,,,296,golden,pending,False,False,False,False,False,False,False,,0.2.0,e9a458c37d81b84b
59357,Male,Joel,[],276324,1880,2023,1985,True,False,['JH OW1 AH0 L'],J,['10'],2,,False,joel,4,,,,,,,,,,,297,golden,pending,False,False,False,False,False,False,False,,0.2.0,8d4a068fd26d58e8
159,Female,Ellen,['Ellan'],275174,1880,2023,1957,False,False,['EH1 L AH0 N'],E,['10'],2,,False,ellen,5,,,,,,,,,,,298,golden,pending,False,False,False,False,False,False,False,,0.2.0,43b6f3a3ba09ea48
160,Female,Melanie,['Melany'],274173,1886,2023,2007,False,False,['M EH1 L AH0 N IY0'],M,['100'],3,,False,melanie,7,,,,,,,,,,,299,golden,pending,False,False,False,False,False,False,False,,0.2.0,72135fbb999b70eb
161,Female,Leah,['Lia'],273895,1880,2023,2023,True,False,['L IY1 AH0'],L,['10'],2,,False,leah,4,,,,,,,,,,,300,golden,pending,False,False,False,False,False,False,False,,0.2.0,bbd245b53be24abc
162,Female,Edith,[],269690,1880,2023,1918,False,False,['IY1 D IH0 TH'],E,['10'],2,,False,edith,5,,,,,,,,,,,301,golden,pending,False,False,False,False,False,False,False,,0.2.0,f486e5fbef3d73ee
163,Female,Gladys,['Gladis'],269670,1880,2023,1990,False,False,['G L AE1 D IH0 S'],G,['10'],2,,False,gladys,6,,,,,,,,,,,302,golden,pending,False,False,False,False,False,False,False,,0.2.0,e79d4afa450b4ec2
164,Female,Katie,"['Katey', 'Kati', 'Katy']",268151,1880,2023,1992,False,False,['K EY1 T IY0'],K,['10'],2,,False,katie,5,,,,,,,,,,,303,golden,pending,False,False,False,False,False,False,False,,0.2.0,857d4afaa0e1717e
165,Female,Connie,[],266676,1880,2023,1955,False,False,['K AO1 N IY0'],C,['10'],2,,False,connie,6,,,,,,,,,,,304,golden,pending,False,False,False,False,False,False,False,,0.2.0,b756757f2add63fd
166,Female,Tonya,"['Tania', 'Tanya']",265851,1914,2023,1993,False,False,['T AA1 N Y AH0'],T,['10'],2,,False,tonya,5,,,,,,,,,,,305,golden,pending,False,False,False,False,False,False,False,,0.2.0,dbe35a5d7bc4e681
167,Female,Lucille,['Lucile'],264909,1880,2023,1920,False,False,['L UW0 S IY1 L'],L,['01'],2,2.0,False,lucille,7,,,,,,,,,,,306,golden,pending,False,False,False,False,False,False,False,,0.2.0,635c66d96a230b20
168,Female,Jeanette,"['Jeannette', 'Janette']",264627,1880,2023,1953,False,False,['JH AH0 N EH1 T'],J,['01'],2,,False,jeanette,8,,,,,,,,,,,307,golden,pending,False,False,False,False,False,False,False,,0.2.0,875906814ab7a013
169,Female,Sylvia,['Silvia'],264038,1880,2023,1991,False,False,['S IH1 L V IY0 AH0'],S,['100'],3,,False,sylvia,6,,,,,,,,,,,308,golden,pending,False,False,False,False,False,False,False,,0.2.0,dd6e5b0b912d90db
59358,Male,Adrian,[],263087,1880,2023,2008,False,False,['EY1 D R IY0 AH0 N'],A,['100'],3,,True,adrian,6,,,,,,,,,,,309,golden,pending,False,False,False,False,False,False,False,,0.2.0,73adc8e734faf0ee
170,Female,Wendy,[],261936,1918,2023,1967,False,False,['W EH1 N D IY0'],W,['10'],2,,False,wendy,5,,,,,,,,,,,310,golden,pending,False,False,False,False,False,False,False,,0.2.0,3b087c412b814a72
171,Female,Zoe,"['Zoey', 'Zooey']",261106,1880,2023,2012,False,False,['Z OW1 IY0'],Z,['10'],2,,False,zoe,3,,,,,,,,,,,311,golden,pending,False,False,False,False,False,False,False,,0.2.0,e3798a1a06480510
172,Female,Elaine,"['Elane', 'Alayne', 'Alain', 'Alaine', 'Elayne', 'Alane']",261023,1880,2023,1947,False,False,"['IH0 L EY1 N', 'IY2 L EY1 N', 'AH0 L EY1 N']",E,"['01', '21', '01']",2,,False,elaine,6,,,,,,,,,,,312,golden,pending,False,False,False,False,False,False,False,,0.2.0,d2110bc79eee5713
173,Female,Cindy,['Cyndi'],260630,1886,2023,1959,False,False,['S IH1 N D IY0'],C,['10'],2,,False,cindy,5,,,,,,,,,,,313,golden,pending,False,False,False,False,False,False,False,,0.2.0,3a1f3d08a9b21670
174,Female,Vanessa,[],259845,1900,2023,1985,False,False,['V AH0 N EH1 S AH0'],V,['010'],3,,False,vanessa,7,,,,,,,,,,,314,golden,pending,False,False,False,False,False,False,False,,0.2.0,086534aa50d09252
59359,Male,Tony,"['Toni', 'Tonie', 'Toney']",259232,1880,2023,1975,False,False,['T OW1 N IY0'],T,['10'],2,,False,tony,4,,,,,,,,,,,315,golden,pending,False,False,False,False,False,False,False,,0.2.0,973b8c6c84c132ae
59360,Male,Antonio,[],258813,1880,2023,1997,False,False,['AE0 N T OW1 N IY2 OW0'],A,['0120'],4,,False,antonio,7,,,,,,,,,,,316,golden,pending,False,False,False,False,False,False,False,,0.2.0,cca419302442550c
175,Female,Courtney,[],258214,1881,2023,1990,False,False,['K AO1 R T N IY0'],C,['10'],2,,True,courtney,8,,,,,,,,,,,317,golden,pending,False,False,False,False,False,False,False,,0.2.0,b63b23c7af8460fc
59361,Male,Hunter,[],256506,1880,2023,2000,False,False,['HH AH1 N T ER0'],H,['10'],2,,False,hunter,6,,,,,,,,,,,318,golden,pending,False,False,False,False,False,False,False,,0.2.0,7f7ac51674629f79
59362,Male,Angel,['Angell'],256193,1888,2023,2007,False,False,['EY1 N JH AH0 L'],A,['10'],2,,True,angel,5,,,,,,,,,,,319,golden,pending,False,False,False,False,False,False,False,,0.2.0,27e5d1a06b374049
176,Female,Jasmine,"['Jazmin', 'Jasmin', 'Jazzmen']",255544,1906,2023,1993,False,False,"['JH AE1 Z M AH0 N', 'JH AE1 Z M IH0 N']",J,"['10', '10']",2,,False,jasmine,7,,,,,,,,,,,320,golden,pending,False,False,False,False,False,False,False,,0.2.0,c5af4882b7318119
177,Female,Amelia,[],255502,1880,2023,2021,False,False,['AH0 M IY1 L Y AH0'],A,['010'],3,2.0,False,amelia,6,Germanic,GB,Industrious,uh-MEE-lee-uh,True,99.0,Wikidata,,2026-09-03,Verified manually,321,golden,pending,True,True,False,False,False,False,False,,0.2.0,7071b08302dbe4b6
178,Female,Sally,"['Sallee', 'Sallie', 'Salley']",255444,1880,2023,1958,False,False,['S AE1 L IY0'],S,['10'],2,,False,sally,5,,,,,,,,,,,322,golden,pending,False,False,False,False,False,False,False,,0.2.0,e428258a5131eeb4
179,Female,Lynn,"['Lin', 'Lynne', 'Lyn', 'Linn', 'Linh', 'Linne']",254779,1880,2023,1987,False,False,['L IH1 N'],L,['1'],1,,True,lynn,4,,,,,,,,,,,323,golden,pending,False,False,False,False,False,False,False,,0.2.0,2eb5be62f8cdec56
59363,Male,Marcus,['Markus'],253520,1880,2023,1994,True,False,['M AA1 R K AH0 S'],M,['10'],2,,False,marcus,6,,,,,,,,,,,324,golden,pending,False,False,False,False,False,False,False,,0.2.0,ec1b32776053bd48
59364,Male,Marvin,[],253361,1880,2023,1928,False,False,['M AA1 R V IH0 N'],M,['10'],2,,False,marvin,6,,,,,,,,,,,325,golden,pending,False,False,False,False,False,False,False,,0.2.0,ab49f96f3a556204
59365,Male,Dominic,['Dominick'],252932,1881,2023,2013,False,False,['D AA1 M AH0 N IH0 K'],D,['100'],3,,False,dominic,7,,,,,,,,,,,326,golden,pending,False,False,False,False,False,False,False,,0.2.0,0f715589716a7e25
59366,Male,Norman,[],252829,1880,2023,1928,False,False,['N AO1 R M AH0 N'],N,['10'],2,2.0,False,norman,6,,,,,,,,,,,327,golden,pending,False,False,False,False,False,False,False,,0.2.0,46d0b428e3416d81
180,Female,Monica,[],250497,1880,2023,1979,False,False,['M AA1 N IH0 K AH0'],M,['100'],3,,False,monica,6,,,,,,,,,,,328,golden,pending,False,False,False,False,False,False,False,,0.2.0,50f262d79a5bd0fd
59367,Male,Julian,"['Juliann', 'Julien']",249910,1880,2023,2017,False,False,"['JH UW1 L Y AH0 N', 'JH UW1 L IY0 AH0 N']",J,"['10', '100']",2,,False,julian,6,,,,,,,,,,,329,golden,pending,False,False,False,False,False,False,False,,0.2.0,31f0a29d0b1274ca
59368,Male,Ian,"['Ean', 'Eon', 'Eean']",249513,1912,2023,2022,False,False,"['IY1 AA0 N', 'IY1 AH0 N']",I,"['10', '10']",2,,False,ian,3,,,,,,,,,,,330,golden,pending,False,False,False,False,False,False,False,,0.2.0,2e94a92f8e21e552
181,Female,Vivian,"['Vivien', 'Vivienne']",249345,1880,2023,2015,False,False,['V IH1 V IY0 AH0 N'],V,['100'],3,2.0,False,vivian,6,,,,,,,,,,,331,golden,pending,False,False,False,False,False,False,False,,0.2.0,4ea9bb6073599e92
59369,Male,Melvin,['Melvyn'],248748,1880,2023,1938,False,False,['M EH1 L V IH0 N'],M,['10'],2,,False,melvin,6,,,,,,,,,,,332,golden,pending,False,False,False,False,False,False,False,,0.2.0,2e53fbc8c684e04a
182,Female,Caroline,['Karoline'],248637,1880,2023,2017,False,False,['K EH1 R AH0 L AY2 N'],C,['102'],3,,False,caroline,8,,,,,,,,,,,333,golden,pending,False,False,False,False,False,False,False,,0.2.0,67d8a8d1620740f1
59370,Male,Rodney,[],246745,1880,2023,1965,False,False,['R AA1 D N IY0'],R,['10'],2,,False,rodney,6,,,,,,,,,,,334,golden,pending,False,False,False,False,False,False,False,,0.2.0,ba63b96270685640
59371,Male,Aiden,['Aidenn'],246484,1970,2023,2012,False,False,['EY2 D EH1 N'],A,['21'],2,,False,aiden,5,,,,,,,,,,,335,golden,pending,False,False,False,False,False,False,False,,0.2.0,4b8c8c787ec34fe2
183,Female,Rhonda,"['Ronde', 'Ronda', 'Randa']",246031,1910,2023,1991,False,False,['R AA1 N D AH0'],R,['10'],2,,False,rhonda,6,,,,,,,,,,,336,golden,pending,False,False,False,False,False,False,False,,0.2.0,e25298c35cf703ba
59372,Male,Edwin,[],245879,1880,2023,1922,False,False,"['EH1 D W AH0 N', 'EH1 D W IH0 N']",E,"['10', '10']",2,,False,edwin,5,,,,,,,,,,,337,golden,pending,False,False,False,False,False,False,False,,0.2.0,a2e2a07bb676d057
59373,Male,Jayden,"['Jadean', 'Tjaden']",244080,1977,2023,2009,False,False,['JH EY1 D AH0 N'],J,['10'],2,,True,jayden,6,,,,,,,,,,,338,golden,pending,False,False,False,False,False,False,False,,0.2.0,5a79a2842f7ad7f9
59374,Male,Leo,[],243902,1880,2023,2022,False,False,['L IY1 OW0'],L,['10'],2,,False,leo,3,,,,,,,,,,,339,golden,pending,False,False,False,False,False,False,False,,0.2.0,ce71241262e0a4ba
184,Female,Chloe,['Cloey'],243559,1880,2023,2009,True,False,['K L OW1 IY0'],C,['10'],2,,False,chloe,5,,,,,,,,,,,340,golden,pending,False,False,False,False,False,False,False,,0.2.0,46b785896c9cf817
59375,Male,Isaiah,[],243276,1880,2023,2006,True,False,['AY2 Z EY1 AH0'],I,['210'],3,,False,isaiah,6,,,,,,,,,,,341,golden,pending,False,False,False,False,False,False,False,,0.2.0,f4d9723f208258cf
59376,Male,Alfred,[],243257,1880,2023,1928,False,False,"['AE1 L F R AH0 D', 'AE1 L F R IH0 D']",A,"['10', '10']",2,,False,alfred,6,,,,,,,,,,,342,golden,pending,False,False,False,False,False,False,False,,0.2.0,ce7e9f9d7c813024
59377,Male,Chad,['Chadd'],242997,1914,2023,1989,False,False,['CH AE1 D'],C,['1'],1,,False,chad,4,,,,,,,,,,,343,golden,pending,False,False,False,False,False,False,False,,0.2.0,bdb120f93fe23167
185,Female,Alexandra,[],242713,1894,2023,1993,False,False,"['AE2 L IH0 G Z AE1 N D R AH0', 'AE2 L EH0 G Z AE1 N D R AH0']",A,"['2010', '2010']",4,,False,alexandra,9,,,,,,,,,,,344,golden,pending,False,False,False,False,False,False,False,,0.2.0,d19c2676c58d4985
186,Female,April,[],241744,1917,2023,1980,False,False,['EY1 P R AH0 L'],A,['10'],2,,False,april,5,,,,,,,,,,,345,golden,pending,False,False,False,False,False,False,False,,0.2.0,9cdb14f1bb9c103e
187,Female,Sheila,"['Sheilah', 'Shele', 'Sheelah', 'Xile', 'Sheela']",241673,1907,2023,2022,False,False,['SH IY1 L AH0'],S,['10'],2,,False,sheila,6,,,,,,,,,,,346,golden,pending,False,False,False,False,False,False,False,,0.2.0,7d54969ec3bf20dd
59378,Male,Steve,[],241034,1880,2023,1959,False,False,['S T IY1 V'],S,['1'],1,,False,steve,5,,,,,,,,,,,347,golden,pending,False,False,False,False,False,False,False,,0.2.0,86da74639eca7d18
188,Female,Claire,"['Klare', 'Clair', 'Clare']",240284,1880,2023,2016,False,False,['K L EH1 R'],C,['1'],1,,False,claire,6,,,,,,,,,,,348,golden,pending,False,False,False,False,False,False,False,,0.2.0,f985cf7eb693eb3a
59379,Male,Jesus,[],239922,1880,2023,2004,True,False,['JH IY1 Z AH0 S'],J,['10'],2,,False,jesus,5,,,,,,,,,,,349,golden,pending,False,False,False,False,False,False,False,,0.2.0,70914f4f209bf119
59380,Male,Oliver,[],239415,1880,2023,2022,False,False,"['AA1 L AH0 V ER0', 'AA1 L IH0 V ER0']",O,"['100', '100']",3,,False,oliver,6,,,,,,,,,,,350,golden,pending,False,False,False,False,False,False,False,,0.2.0,ce10843c0148e3d4
59381,Male,Lee,"['Leigh', 'Li', 'Lea']",238734,1880,2023,2001,False,False,['L IY1'],L,['1'],1,,True,lee,3,,,,,,,,,,,351,golden,pending,False,False,False,False,False,False,False,,0.2.0,71bc1370071ebbb1
189,Female,Marcia,['Marsha'],237400,1880,2023,1952,False,False,['M AA1 R SH AH0'],M,['10'],2,,False,marcia,6,,,,,,,,,,,352,golden,pending,False,False,False,False,False,False,False,,0.2.0,d5fdf8906dafc6a9
59382,Male,Wesley,[],236936,1880,2023,2022,False,False,['W EH1 S L IY0'],W,['10'],2,,False,wesley,6,,,,,,,,,,,353,golden,pending,False,False,False,False,False,False,False,,0.2.0,3061abcc21dbe68b
59383,Male,Randall,"['Randel', 'Randol', 'Randle', 'Randal']",234657,1880,2023,1960,False,False,['R AE1 N D AH0 L'],R,['10'],2,,False,randall,7,,,,,,,,,,,354,golden,pending,False,False,False,False,False,False,False,,0.2.0,e309aff1c5813455
59384,Male,Jeffery,['Jefferey'],234246,1894,2023,1969,False,False,['JH EH1 F ER0 IY0'],J,['100'],3,,False,jeffery,7,,,,,,,,,,,355,golden,pending,False,False,False,False,False,False,False,,0.2.0,8ca6cf179de46b3d
190,Female,Lucy,"['Lucie', 'Lucey']",232703,1880,2023,2023,False,False,['L UW1 S IY0'],L,['10'],2,,False,lucy,4,,,,,,,,,,,356,golden,pending,False,False,False,False,False,False,False,,0.2.0,8edbb52729e99ede
191,Female,Isabel,['Isabelle'],232659,1880,2023,2007,False,False,['IH1 Z AH0 B EH2 L'],I,['102'],3,,False,isabel,6,,,,,,,,,,,357,golden,pending,False,False,False,False,False,False,False,,0.2.0,e144152ec49edc7a
192,Female,Lorraine,"['Lorain', 'Loraine', 'Laraine']",231243,1882,2023,1947,False,False,['L ER0 EY1 N'],L,['01'],2,,False,lorraine,8,,,,,,,,,,,358,golden,pending,False,False,False,False,False,False,False,,0.2.0,29d16da64db217bf
59385,Male,Owen,"['Ohan', 'Owan']",230791,1880,2023,2016,False,False,"['OW1 AH0 N', 'OW1 AE1 N']",O,"['10', '11']",2,,False,owen,4,,,,,,,,,,,359,golden,pending,False,False,False,False,False,False,False,,0.2.0,3ce6d8fe762159f9
193,Female,Alicia,[],229384,1881,2023,1984,False,False,['AH0 L IH1 SH AH0'],A,['010'],3,2.0,False,alicia,6,,,,,,,,,,,360,golden,pending,False,False,False,False,False,False,False,,0.2.0,01583ad32adc58cb
59386,Male,Herbert,[],228153,1880,2023,1928,False,False,['HH ER1 B ER0 T'],H,['10'],2,,False,herbert,7,,,,,,,,,,,361,golden,pending,False,False,False,False,False,False,False,,0.2.0,4dca4676a60ed83e
194,Female,Eileen,"['Aileen', 'Ailene']",227730,1880,2023,2009,False,False,['AY0 L IY1 N'],E,['01'],2,,False,eileen,6,,,,,,,,,,,362,golden,pending,False,False,False,False,False,False,False,,0.2.0,9eef35822e5d8098
195,Female,Holly,"['Holley', 'Hollie']",226554,1886,2023,1984,False,False,['HH AA1 L IY0'],H,['10'],2,,False,holly,5,,,,,,,,,,,363,golden,pending,False,False,False,False,False,False,False,,0.2.0,5ab26be169ee93c7
196,Female,Pauline,[],226302,1880,2023,1918,False,False,['P AO0 L IY1 N'],P,['01'],2,,False,pauline,7,,,,,,,,,,,364,golden,pending,False,False,False,False,False,False,False,,0.2.0,b5ba02a5428d40a9
197,Female,Thelma,[],225394,1880,2023,1921,False,False,['TH EH1 L M AH0'],T,['10'],2,,False,thelma,6,,,,,,,,,,,365,golden,pending,False,False,False,False,False,False,False,,0.2.0,8f5191520a1b25ce
59387,Male,Eddie,"['Eadie', 'Edye', 'Edie', 'Eddy']",225228,1880,2023,1956,False,False,['EH1 D IY0'],E,['10'],2,,True,eddie,5,,,,,,,,,,,366,golden,pending,False,False,False,False,False,False,False,,0.2.0,56a2575e5b775f5b
198,Female,Jennie,"['Jenny', 'Jenney', 'Jenni']",224801,1880,2023,1979,False,False,['JH EH1 N IY0'],J,['10'],2,,False,jennie,6,,,,,,,,,,,367,golden,pending,False,False,False,False,False,False,False,,0.2.0,805f1333f2d047cb
199,Female,Morgan,"['Morgen', 'Morgun']",223348,1918,2023,1995,False,False,['M AO1 R G AH0 N'],M,['10'],2,,True,morgan,6,,,,,,,,,,,368,golden,pending,False,False,False,False,False,False,False,,0.2.0,2e4bbdc233eaa834
59388,Male,Ricky,[],222572,1925,2023,1958,False,False,['R IH1 K IY2'],R,['12'],2,,False,ricky,5,,,,,,,,,,,369,golden,pending,False,False,False,False,False,False,False,,0.2.0,c5a7451722fa18dc
200,Female,Molly,"['Mollie', 'Molley', 'Mali']",222334,1880,2023,2008,False,False,['M AA1 L IY0'],M,['10'],2,,False,molly,5,,,,,,,,,,,370,golden,pending,False,False,False,False,False,False,False,,0.2.0,893a1bb9989c88f0
201,Female,Veronica,[],222226,1880,2023,1980,False,False,['V ER0 AA1 N IH0 K AH0'],V,['0100'],4,,False,veronica,8,,,,,,,,,,,371,golden,pending,False,False,False,False,False,False,False,,0.2.0,a0d4f87f7eed9ca8
59389,Male,Carter,['Karter'],221176,1881,2023,2019,False,False,['K AA1 R T ER0'],C,['10'],2,,False,carter,6,,,,,,,,,,,372,golden,pending,False,False,False,False,False,False,False,,0.2.0,b6d130c5d9ced69c
202,Female,Savannah,['Savanna'],219290,1880,2023,2006,False,False,['S AH0 V AE1 N AH0'],S,['010'],3,,False,savannah,8,,,,,,,,,,,373,golden,pending,False,False,False,False,False,False,False,,0.2.0,95fde92deb984ac5
203,Female,Suzanne,[],219156,1880,2023,1962,False,False,['S UW0 Z AE1 N'],S,['01'],2,,False,suzanne,7,,,,,,,,,,,374,golden,pending,False,False,False,False,False,False,False,,0.2.0,56af1d662b78d888
204,Female,Kristen,['Christon'],218717,1938,2023,1982,False,False,['K R IH1 S T AH0 N'],K,['10'],2,,False,kristen,7,,,,,,,,,,,375,golden,pending,False,False,False,False,False,False,False,,0.2.0,750412e2abe73421
59390,Male,Jeremiah,[],217939,1880,2023,2010,True,False,['JH EH2 R AH0 M AY1 AH0'],J,['2010'],4,,False,jeremiah,8,,,,,,,,,,,376,golden,pending,False,False,False,False,False,False,False,,0.2.0,b12fb635f0254ff4
205,Female,Ariana,['Arianna'],216761,1957,2023,2014,False,False,['AA0 R IY0 AE1 N AH0'],A,['0010'],4,,False,ariana,6,,,,,,,,,,,377,golden,pending,False,False,False,False,False,False,False,,0.2.0,423894d0e521ffc1
206,Female,Gabriella,['Gabriela'],216637,1890,2023,2010,False,False,['G AA2 B R IY0 EH1 L AA2'],G,['2012'],4,,False,gabriella,9,,,,,,,,,,,378,golden,pending,False,False,False,False,False,False,False,,0.2.0,22b29df21e93a53a
59391,Male,Calvin,[],215757,1880,2023,1924,False,False,"['K AE1 L V IH0 N', 'K AE1 L V AH0 N']",C,"['10', '10']",2,,False,calvin,6,,,,,,,,,,,379,golden,pending,False,False,False,False,False,False,False,,0.2.0,c910c3f0fe4c98ed
59392,Male,Ray,"['Rea', 'Rey', 'Wray', 'Rae', 'Raye']",215481,1880,2023,2021,False,False,['R EY1'],R,['1'],1,,False,ray,3,,,,,,,,,,,380,golden,pending,False,False,False,False,False,False,False,,0.2.0,d99f81834cb381c7
59393,Male,Troy,[],215166,1880,2023,1970,False,False,['T R OY1'],T,['1'],1,,False,troy,4,,,,,,,,,,,381,golden,pending,False,False,False,False,False,False,False,,0.2.0,815c3fc609c394d3
207,Female,Anita,[],214841,1880,2023,1957,False,False,['AH0 N IY1 T AH0'],A,['010'],3,2.0,False,anita,5,,,,,,,,,,,382,golden,pending,False,False,False,False,False,False,False,,0.2.0,81b60899da3b2560
208,Female,Darlene,['Darleen'],213032,1896,2023,1958,False,False,['D AA1 R L IY2 N'],D,['12'],2,,False,darlene,7,,,,,,,,,,,383,golden,pending,False,False,False,False,False,False,False,,0.2.0,e5fe87ad2cf589d7
59394,Male,Oscar,['Oskar'],212836,1880,2023,2016,False,False,['AO1 S K ER0'],O,['10'],2,,False,oscar,5,,,,,,,,,,,384,golden,pending,False,False,False,False,False,False,False,,0.2.0,402de84b9a9397b7
59395,Male,Tommy,['Tommie'],212325,1880,2023,1947,False,False,['T AA1 M IY0'],T,['10'],2,,False,tommy,5,,,,,,,,,,,385,golden,pending,False,False,False,False,False,False,False,,0.2.0,09232cacddd0eefd
209,Female,Nora,['Norah'],211833,1880,2023,2021,True,False,['N AO1 R AH0'],N,['10'],2,,False,nora,4,,,,,,,,,,,386,golden,pending,False,False,False,False,False,False,False,,0.2.0,71c22a67c44030bf
210,Female,Geraldine,[],211174,1880,2023,1930,False,False,['JH EH0 R AH0 L D IY1 N'],G,['001'],3,,False,geraldine,9,,,,,,,,,,,387,golden,pending,False,False,False,False,False,False,False,,0.2.0,cb5402a25c4afb46
211,Female,Jill,['Jil'],208588,1906,2023,1966,False,False,['JH IH1 L'],J,['1'],1,,False,jill,4,,,,,,,,,,,388,golden,pending,False,False,False,False,False,False,False,,0.2.0,a0d356eeca0115e1
212,Female,Brandy,['Brandi'],208296,1942,2023,1981,False,False,['B R AE1 N D IY0'],B,['10'],2,,False,brandy,6,,,,,,,,,,,389,golden,pending,False,False,False,False,False,False,False,,0.2.0,54feacf131ee415b
213,Female,Bertha,[],207802,1880,2023,1918,False,False,['B ER1 TH AH0'],B,['10'],2,,False,bertha,6,,,,,,,,,,,390,golden,pending,False,False,False,False,False,False,False,,0.2.0,44ab30c52cb16460
59396,Male,Dustin,[],207568,1916,2023,1985,False,False,['D AH1 S T IH0 N'],D,['10'],2,,False,dustin,6,,,,,,,,,,,391,golden,pending,False,False,False,False,False,False,False,,0.2.0,9a2af428e5e52fd2
214,Female,Juanita,[],207551,1880,2023,1924,False,False,"['W AA0 N IY1 T AH0', 'JH UW2 AH0 N IY1 T AH0']",J,"['010', '2010']",3,,False,juanita,7,,,,,,,,,,,392,golden,pending,False,False,False,False,False,False,False,,0.2.0,823641147de16f96
215,Female,Renee,['Rene'],207236,1885,2023,1962,False,False,['R AH0 N EY1'],R,['01'],2,,False,renee,5,,,,,,,,,,,393,golden,pending,False,False,False,False,False,False,False,,0.2.0,fa55d4745f7afb3f
216,Female,Brooke,['Brook'],207085,1931,2023,1996,False,False,['B R UH1 K'],B,['1'],1,,False,brooke,6,,,,,,,,,,,394,golden,pending,False,False,False,False,False,False,False,,0.2.0,3529f70176093703
59397,Male,Landon,['Landen'],206650,1882,2023,2010,False,False,['L AE1 N D AH0 N'],L,['10'],2,,False,landon,6,,,,,,,,,,,395,golden,pending,False,False,False,False,False,False,False,,0.2.0,6a12b1ea2c4ec5b1
59398,Male,Mike,[],205476,1880,2023,1960,False,False,['M AY1 K'],M,['1'],1,,False,mike,4,,,,,,,,,,,396,golden,pending,False,False,False,False,False,False,False,,0.2.0,ec4f5b3160e2a3f1
59399,Male,Jared,[],204703,1881,2023,1998,True,False,['JH EH1 R IH0 D'],J,['10'],2,,False,jared,5,,,,,,,,,,,397,golden,pending,False,False,False,False,False,False,False,,0.2.0,2ad449a978f05278
59400,Male,Shane,"['Shayne', 'Shaine', 'Shain']",204559,1933,2023,1990,False,False,['SH EY1 N'],S,['1'],1,,False,shane,5,,,,,,,,,,,398,golden,pending,False,False,False,False,False,False,False,,0.2.0,1b1a32956ae0440e
217,Female,Madeline,['Madelin'],204434,1880,2023,2000,False,False,['M AE1 D AH0 L IH0 N'],M,['100'],3,,False,madeline,8,,,,,,,,,,,399,golden,pending,False,False,False,False,False,False,False,,0.2.0,b7f713bbbf9b2507
59401,Male,Charlie,['Charley'],203497,1880,2023,1920,False,False,['CH AA1 R L IY0'],C,['10'],2,,True,charlie,7,,,,,,,,,,,400,golden,pending,False,False,False,False,False,False,False,,0.2.0,2fc4f44f2b98fb8a
218,Female,Mackenzie,['Mckenzie'],201992,1973,2023,2001,False,False,['M AH0 K EH1 N Z IY0'],M,['010'],3,,False,mackenzie,9,,,,,,,,,,,401,golden,pending,False,False,False,False,False,False,False,,0.2.0,8bf830b55a291c7d
219,Female,June,['Joon'],201655,1880,2023,2012,False,False,['JH UW1 N'],J,['1'],1,,False,june,4,,,,,,,,,,,402,golden,pending,False,False,False,False,False,False,False,,0.2.0,477ae56ce1661622
220,Female,Debbie,"['Debi', 'Debby']",201318,1880,2023,1959,False,False,['D EH1 B IY0'],D,['10'],2,,False,debbie,6,,,,,,,,,,,403,golden,pending,False,False,False,False,False,False,False,,0.2.0,2501d6c9edaf3fa7
221,Female,Sydney,['Sidney'],200866,1880,2023,2000,False,False,['S IH1 D N IY0'],S,['10'],2,,False,sydney,6,,,,,,,,,,,404,golden,pending,False,False,False,False,False,False,False,,0.2.0,9502e208bd4a01e7
59402,Male,Sebastian,[],200747,1881,2023,2016,False,False,['S AH0 B AE1 S CH AH0 N'],S,['010'],3,2.0,False,sebastian,9,,,,,,,,,,,405,golden,pending,False,False,False,False,False,False,False,,0.2.0,b4481cc547408fca
59403,Male,Leroy,[],200410,1880,2023,1924,False,False,['L IY1 R OY2'],L,['12'],2,,False,leroy,5,,,,,,,,,,,406,golden,pending,False,False,False,False,False,False,False,,0.2.0,df2280c417896d8a
59404,Male,Bernard,['Burnard'],200130,1880,2023,1925,False,False,"['B ER1 N ER0 D', 'B ER0 N AA1 R D']",B,"['10', '01']",2,,False,bernard,7,,,,,,,,,,,407,golden,pending,False,False,False,False,False,False,False,,0.2.0,b6a1258d15973ca9
59405,Male,Corey,"['Corrie', 'Korry', 'Corry', 'Kaori', 'Coury', 'Korey']",199549,1897,2023,2009,False,False,['K AO1 R IY0'],C,['10'],2,,True,corey,5,,,,,,,,,,,408,golden,pending,False,False,False,False,False,False,False,,0.2.0,d33409d626af0bda
222,Female,Stella,[],198452,1880,2023,2018,False,False,['S T EH1 L AH0'],S,['10'],2,,False,stella,6,,,,,,,,,,,409,golden,pending,False,False,False,False,False,False,False,,0.2.0,a50f4bda2c0cf839
59406,Male,Ronnie,"['Ronny', 'Rani']",197184,1903,2023,2014,False,False,['R AA1 N IY0'],R,['10'],2,,False,ronnie,6,,,,,,,,,,,410,golden,pending,False,False,False,False,False,False,False,,0.2.0,ed3374f310b08071
59407,Male,Jay,"['Jaye', 'Jae']",196603,1880,2023,2020,False,False,['JH EY1'],J,['1'],1,,False,jay,3,,,,,,,,,,,411,golden,pending,False,False,False,False,False,False,False,,0.2.0,bc831451a000e118
223,Female,Kaylee,"['Kayleigh', 'Cayli', 'Caylea', 'Kleigh', 'Kaylea', 'Kaelee', 'Cayleigh', 'Kheli', 'Kayli', 'Klea', 'Kayeleigh', 'Caylee', 'Kayelee']",196295,1920,2023,2022,False,False,['K EY1 L IY1'],K,['11'],2,,False,kaylee,6,,,,,,,,,,,412,golden,pending,False,False,False,False,False,False,False,,0.2.0,64dde85119ac4322
59408,Male,Levi,[],195590,1880,2023,2022,True,False,['L IY1 V AY0'],L,['10'],2,,False,levi,4,,,,,,,,,,,413,golden,pending,False,False,False,False,False,False,False,,0.2.0,27bbb1f5b0388d9c
59409,Male,Wyatt,['Wiatt'],195358,1880,2023,2017,False,False,['W AY1 AH0 T'],W,['10'],2,,False,wyatt,5,,,,,,,,,,,414,golden,pending,False,False,False,False,False,False,False,,0.2.0,02d94400f1d4d566
224,Female,Beatrice,[],193806,1880,2023,1921,False,False,"['B IY1 AH0 T R AH0 S', 'B IY1 T R AH0 S', 'B IY1 AH0 T R IH0 S', 'B IY1 T R IH0 S']",B,"['100', '10', '100', '10']",2,,False,beatrice,8,,,,,,,,,,,415,golden,pending,False,False,False,False,False,False,False,,0.2.0,758ca0c61161f468
225,Female,Maya,"['Maia', 'Mya']",193093,1940,2023,2022,False,False,"['M AY1 AH0', 'M AY1 EY1']",M,"['10', '11']",2,,False,maya,4,,,,,,,,,,,416,golden,pending,False,False,False,False,False,False,False,,0.2.0,31457eed72efc616
226,Female,Dana,[],193076,1882,2023,1971,False,False,['D EY1 N AH0'],D,['10'],2,,True,dana,4,,,,,,,,,,,417,golden,pending,False,False,False,False,False,False,False,,0.2.0,e951d8f1a02f1eb9
227,Female,Mabel,['Mable'],192469,1880,2023,1922,False,False,['M EY1 B AH0 L'],M,['10'],2,,False,mabel,5,,,,,,,,,,,418,golden,pending,False,False,False,False,False,False,False,,0.2.0,49feb73033c8d660
59410,Male,Duane,"['Dwayne', 'Duan']",192372,1885,2023,1976,False,False,"['D W AE1 N', 'D W EY1 N']",D,"['1', '1']",1,,False,duane,5,,,,,,,,,,,419,golden,pending,False,False,False,False,False,False,False,,0.2.0,5173b7909665713d
59411,Male,Dean,"['Deane', 'Deen']",191068,1880,2023,2023,False,False,['D IY1 N'],D,['1'],1,,False,dean,4,,,,,,,,,,,420,golden,pending,False,False,False,False,False,False,False,,0.2.0,e124b9bf311cb5ee
228,Female,Jo,"['Joe', 'Joh']",190304,1880,2023,1954,False,False,['JH OW1'],J,['1'],1,,False,jo,2,,,,,,,,,,,421,golden,pending,False,False,False,False,False,False,False,,0.2.0,78d89e646e9027c0
59412,Male,Manuel,[],189745,1880,2023,2005,False,False,['M AA0 N W EH1 L'],M,['01'],2,,False,manuel,6,,,,,,,,,,,422,golden,pending,False,False,False,False,False,False,False,,0.2.0,cbaf8ee4e0c2c7b4
59413,Male,Brett,['Bret'],188551,1926,2023,1986,False,False,['B R EH1 T'],B,['1'],1,,False,brett,5,,,,,,,,,,,423,golden,pending,False,False,False,False,False,False,False,,0.2.0,b60fdf91efd91288
59414,Male,Barry,"['Barre', 'Berri', 'Berry', 'Barrie', 'Berrie']",188078,1880,2023,1963,False,False,"['B AE1 R IY0', 'B EH1 R IY0']",B,"['10', '10']",2,,False,barry,5,,,,,,,,,,,424,golden,pending,False,False,False,False,False,False,False,,0.2.0,c8bfbedd2cc0ee36
59415,Male,Clifford,[],187962,1880,2023,1925,False,False,['K L IH1 F ER0 D'],C,['10'],2,,False,clifford,8,,,,,,,,,,,425,golden,pending,False,False,False,False,False,False,False,,0.2.0,b3a5488f6430ca5a
229,Female,Ida,['Ayde'],187485,1880,2023,1918,False,False,['AY1 D AH0'],I,['10'],2,,False,ida,3,,,,,,,,,,,426,golden,pending,False,False,False,False,False,False,False,,0.2.0,fc3a4abdc26da814
59416,Male,Miguel,[],186938,1880,2023,2007,False,False,['M IH0 G EH1 L'],M,['01'],2,,False,miguel,6,,,,,,,,,,,427,golden,pending,False,False,False,False,False,False,False,,0.2.0,d2d4e05f161c5a4f
59417,Male,Gavin,[],186731,1913,2023,2007,False,False,['G AE1 V IH0 N'],G,['10'],2,,False,gavin,5,,,,,,,,,,,428,golden,pending,False,False,False,False,False,False,False,,0.2.0,ad2cafd8913358ee
230,Female,Loretta,['Lauretta'],186328,1880,2023,1938,False,False,['L ER0 EH1 T AH0'],L,['010'],3,,False,loretta,7,,,,,,,,,,,429,golden,pending,False,False,False,False,False,False,False,,0.2.0,fb79cbb65347c895
231,Female,Elsie,['Elsey'],186012,1880,2023,2016,False,False,['EH1 L S IY0'],E,['10'],2,,False,elsie,5,,,,,,,,,,,430,golden,pending,False,False,False,False,False,False,False,,0.2.0,1084a7689e5a2b1a
232,Female,Jessie,"['Jessye', 'Jesse', 'Jessy']",184177,1880,2023,1994,True,False,['JH EH1 S IY0'],J,['10'],2,,False,jessie,6,,,,,,,,,,,431,golden,pending,False,False,False,False,False,False,False,,0.2.0,7e67ebc2e79ae08c
59418,Male,Blake,[],184119,1883,2023,2012,False,False,['B L EY1 K'],B,['1'],1,,True,blake,5,,,,,,,,,,,432,golden,pending,False,False,False,False,False,False,False,,0.2.0,d775ae803be0d142
59419,Male,Lloyd,['Loyd'],183204,1880,2023,1926,False,False,['L OY1 D'],L,['1'],1,,False,lloyd,5,,,,,,,,,,,433,golden,pending,False,False,False,False,False,False,False,,0.2.0,13e2fc6fea820014
233,Female,Regina,[],182560,1880,2023,1962,False,False,['R IH0 JH IY1 N AH0'],R,['010'],3,,False,regina,6,,,,,,,,,,,434,golden,pending,False,False,False,False,False,False,False,,0.2.0,4af72146d255f176
59420,Male,Chase,['Chace'],182334,1885,2023,2009,False,False,['CH EY1 S'],C,['1'],1,,False,chase,5,,,,,,,,,,,435,golden,pending,False,False,False,False,False,False,False,,0.2.0,74adb03d6cada5be
234,Female,Naomi,[],182171,1880,2023,2022,True,False,['N EY0 OW1 M IY0'],N,['010'],3,,False,naomi,5,,,,,,,,,,,436,golden,pending,False,False,False,False,False,False,False,,0.2.0,624fb89ec3e85562
235,Female,Bernice,[],182055,1880,2023,1921,True,False,['B ER0 N IY1 S'],B,['01'],2,,False,bernice,7,,,,,,,,,,,437,golden,pending,False,False,False,False,False,False,False,,0.2.0,1f53e1f75e294900
59421,Male,Warren,[],181708,1880,2023,1921,False,False,['W AO1 R AH0 N'],W,['10'],2,,False,warren,6,,,,,,,,,,,438,golden,pending,False,False,False,False,False,False,False,,0.2.0,24a5087a91a673c4
236,Female,Lydia,[],181577,1880,2023,2014,False,False,['L IH1 D IY0 AH0'],L,['100'],3,,False,lydia,5,,,,,,,,,,,439,golden,pending,False,False,False,False,False,False,False,,0.2.0,c0916ff0f13f405e
237,Female,Kim,"['Kym', 'Kimm']",181437,1914,2023,1962,False,False,['K IH1 M'],K,['1'],1,,True,kim,3,,,,,,,,,,,440,golden,pending,False,False,False,False,False,False,False,,0.2.0,81526dea9edb0912
59422,Male,Mitchell,"['Michell', 'Michal', 'Michel', 'Mitchel']",181156,1880,2023,1994,True,False,['M IH1 CH AH0 L'],M,['10'],2,,False,mitchell,8,,,,,,,,,,,441,golden,pending,False,False,False,False,False,False,False,,0.2.0,7d2a938509e9e236
238,Female,Kristin,[],179250,1932,2023,1981,False,False,['K R IH1 S T IH0 N'],K,['10'],2,,False,kristin,7,,,,,,,,,,,442,golden,pending,False,False,False,False,False,False,False,,0.2.0,27122ba3abef8e3c
239,Female,Katelyn,"['Catelin', 'Katelynn', 'Catelynne', 'Catelyn', 'Katelin', 'Katelinn', 'Catelynn', 'Katelynne']",177962,1970,2023,2010,False,False,['K EY1 T L IH1 N'],K,['11'],2,,False,katelyn,7,,,,,,,,,,,443,golden,pending,False,False,False,False,False,False,False,,0.2.0,f4989727af853466
59423,Male,Leon,[],177451,1880,2023,1924,False,False,['L IY1 AA0 N'],L,['10'],2,,False,leon,4,,,,,,,,,,,444,golden,pending,False,False,False,False,False,False,False,,0.2.0,f0d29bf1a0fb9ee6
240,Female,Gertrude,['Gertrud'],177088,1880,2023,1917,False,False,['G ER1 T R UW0 D'],G,['10'],2,,False,gertrude,8,,,,,,,,,,,445,golden,pending,False,False,False,False,False,False,False,,0.2.0,0db74c7601e89fd4
241,Female,Rosa,['Roza'],176885,1880,2023,2019,False,False,['R OW1 Z AH0'],R,['10'],2,,False,rosa,4,,,,,,,,,,,446,golden,pending,False,False,False,False,False,False,False,,0.2.0,20854b7bb47acd5a
59424,Male,Terrence,"['Terence', 'Terrance']",176282,1885,2023,1988,False,False,['T EH1 R AH0 N S'],T,['10'],2,,False,terrence,8,,,,,,,,,,,447,golden,pending,False,False,False,False,False,False,False,,0.2.0,3887da7ac8ca6542
242,Female,Tara,['Terre'],175237,1939,2023,1972,False,False,"['T EH1 R AH0', 'T AA1 R AH0']",T,"['10', '10']",2,,False,tara,4,,,,,,,,,,,448,golden,pending,False,False,False,False,False,False,False,,0.2.0,aaac3fe56591c4a5
59425,Male,Don,"['Dohn', 'Dahn', 'Donn']",174091,1880,2023,1962,False,False,['D AA1 N'],D,['1'],1,,False,don,3,,,,,,,,,,,449,golden,pending,False,False,False,False,False,False,False,,0.2.0,1f6bdbc2b59e10c2
243,Female,Gina,"['Jeana', 'Geana', 'Jena']",173732,1880,2023,1986,False,False,['JH IY1 N AH0'],G,['10'],2,,False,gina,4,,,,,,,,,,,450,golden,pending,False,False,False,False,False,False,False,,0.2.0,3fa318c9c120a3f3
244,Female,Annette,"['Annett', 'Anet', 'Anette']",172774,1880,2023,2003,False,False,['AH0 N EH1 T'],A,['01'],2,,False,annette,7,,,,,,,,,,,451,golden,pending,False,False,False,False,False,False,False,,0.2.0,f11c1b75c951963a
245,Female,Lena,"['Leana', 'Lina', 'Leena']",172688,1880,2023,2022,False,False,['L IY1 N AH0'],L,['10'],2,,False,lena,4,,,,,,,,,,,452,golden,pending,False,False,False,False,False,False,False,,0.2.0,40a4a2bbebbb7658
246,Female,Roberta,[],171419,1880,2023,1953,False,False,['R AH0 B ER1 T AH0'],R,['010'],3,,False,roberta,7,,,,,,,,,,,453,golden,pending,False,False,False,False,False,False,False,,0.2.0,0fac0bf77620dfa2
247,Female,Violet,[],170954,1880,2023,2022,False,False,"['V AY1 AH0 L IH0 T', 'V AY1 L IH0 T']",V,"['100', '10']",2,,False,violet,6,,,,,,,,,,,454,golden,pending,False,False,False,False,False,False,False,,0.2.0,4ce311f86a797c22
248,Female,Bessie,['Bessy'],170436,1880,2023,2001,False,False,['B EH1 S IY0'],B,['10'],2,,False,bessie,6,,,,,,,,,,,455,golden,pending,False,False,False,False,False,False,False,,0.2.0,2e220293b455d8d7
249,Female,Cassandra,[],170059,1902,2023,1990,False,False,['K AH0 S AE1 N D R AH0'],C,['010'],3,,False,cassandra,9,,,,,,,,,,,456,golden,pending,False,False,False,False,False,False,False,,0.2.0,9bef0dda35531c88
250,Female,Lila,"['Leala', 'Leila', 'Lela']",170039,1880,2023,2010,False,False,['L IY1 L AH0'],L,['10'],2,2.0,False,lila,4,,,,,,,,,,,457,golden,pending,False,False,False,False,False,False,False,,0.2.0,bb5b63e1d50ab656
251,Female,Marissa,['Marisa'],169198,1934,2023,1995,False,False,['M AH0 R IH1 S AH0'],M,['010'],3,,False,marissa,7,,,,,,,,,,,458,golden,pending,False,False,False,False,False,False,False,,0.2.0,f783c7bd8c0f4254
59426,Male,Miles,['Myles'],167483,1880,2023,2023,False,False,"['M AY1 L Z', 'M AY1 AH0 L Z']",M,"['1', '10']",1,,False,miles,5,,,,,,,,,,,459,golden,pending,False,False,False,False,False,False,False,,0.2.0,32484d779c444418
59427,Male,Max,"['Macks', 'Maxx']",167192,1880,2023,2015,False,False,['M AE1 K S'],M,['1'],1,,False,max,3,,,,,,,,,,,460,golden,pending,False,False,False,False,False,False,False,,0.2.0,0786c3f90b77f72d
59428,Male,Neil,"['Niel', 'Neel', 'Neal', 'Neile', 'Neale', 'Neill']",166505,1880,2023,2009,False,False,['N IY1 L'],N,['1'],1,,False,neil,4,,,,,,,,,,,461,golden,pending,False,False,False,False,False,False,False,,0.2.0,d0ce3a92517517d6
252,Female,Mae,"['May', 'Mey', 'Maye', 'Mei']",166318,1880,2023,2023,False,False,['M EY1'],M,['1'],1,,False,mae,3,,,,,,,,,,,462,golden,pending,False,False,False,False,False,False,False,,0.2.0,6a43c9719f02960c
59429,Male,Damian,['Damien'],166217,1912,2023,2013,False,False,['D EY1 M IY0 AH0 N'],D,['100'],3,,False,damian,6,,,,,,,,,,,463,golden,pending,False,False,False,False,False,False,False,,0.2.0,fa075a908c1d05e3
253,Female,Cecilia,['Cecelia'],166146,1880,2023,2021,False,False,['S IH0 S IY1 L Y AH0'],C,['010'],3,2.0,False,cecilia,7,,,,,,,,,,,464,golden,pending,False,False,False,False,False,False,False,,0.2.0,88568f057dd6af0f
59430,Male,Chris,"['Kriss', 'Criss', 'Cris', 'Kris', 'Chriss']",165596,1880,2023,2007,False,False,['K R IH1 S'],C,['1'],1,,True,chris,5,,,,,,,,,,,465,golden,pending,False,False,False,False,False,False,False,,0.2.0,57b3f0903410b655
59431,Male,Seth,[],164733,1880,2023,2000,True,False,['S EH1 TH'],S,['1'],1,,False,seth,4,,,,,,,,,,,466,golden,pending,False,False,False,False,False,False,False,,0.2.0,fa0326f5ceb06324
254,Female,Jenna,"['Genna', 'Gena']",163576,1880,2023,1986,False,False,['JH EH1 N AH0'],J,['10'],2,,False,jenna,5,,,,,,,,,,,467,golden,pending,False,False,False,False,False,False,False,,0.2.0,ff355168e75f83a9
255,Female,Jodi,"['Jody', 'Jodie']",162779,1882,2023,1970,False,False,['JH OW1 D IY0'],J,['10'],2,,False,jodi,4,,,,,,,,,,,468,golden,pending,False,False,False,False,False,False,False,,0.2.0,bb3307aaeb12e634
256,Female,Colleen,[],162629,1901,2023,1964,False,False,['K AA2 L IY1 N'],C,['21'],2,,False,colleen,7,,,,,,,,,,,469,golden,pending,False,False,False,False,False,False,False,,0.2.0,8458c586ab6d499a
257,Female,Alma,[],162355,1880,2023,1918,False,False,['AA1 L M AH0'],A,['10'],2,,False,alma,4,,,,,,,,,,,470,golden,pending,False,False,False,False,False,False,False,,0.2.0,34b63e5da5f62b98
258,Female,Chelsea,[],162198,1910,2023,1992,False,False,['CH EH1 L S IY0'],C,['10'],2,,False,chelsea,7,,,,,,,,,,,471,golden,pending,False,False,False,False,False,False,False,,0.2.0,d02911b0d12adb02
259,Female,Pearl,"['Pearle', 'Perl', 'Perle']",162000,1880,2023,2023,False,False,['P ER1 L'],P,['1'],1,,False,pearl,5,,,,,,,,,,,472,golden,pending,False,False,False,False,False,False,False,,0.2.0,235da034912bd9d7
260,Female,Georgia,['Giorgia'],161612,1880,2023,2023,False,False,['JH AO1 R JH AH0'],G,['10'],2,2.0,False,georgia,7,,,,,,,,,,,473,golden,pending,False,False,False,False,False,False,False,,0.2.0,aa423f743b0cfda5
59432,Male,Cole,"['Kole', 'Coal', 'Kol', 'Kohl']",161574,1886,2023,2021,False,False,['K OW1 L'],C,['1'],1,,False,cole,4,,,,,,,,,,,474,golden,pending,False,False,False,False,False,False,False,,0.2.0,8c33d19cf4f82aa7
59433,Male,Colton,"['Kolton', 'Coltan']",160989,1913,2023,2013,False,False,['K OW1 L T AH0 N'],C,['10'],2,,False,colton,6,,,,,,,,,,,475,golden,pending,False,False,False,False,False,False,False,,0.2.0,6eff189d9d2ccfed
59434,Male,Jerome,[],160922,1880,2023,1954,False,False,['JH ER0 OW1 M'],J,['01'],2,,False,jerome,6,,,,,,,,,,,476,golden,pending,False,False,False,False,False,False,False,,0.2.0,35b6a5b60ee1f850
261,Female,Rosemary,[],160862,1882,2023,1947,False,False,['R OW1 Z M EH2 R IY0'],R,['120'],3,2.0,False,rosemary,8,,,,,,,,,,,477,golden,pending,False,False,False,False,False,False,False,,0.2.0,e3264c6bd58dd94c
59435,Male,Alvin,[],160770,1880,2023,1927,False,False,['AE1 L V IH0 N'],A,['10'],2,,False,alvin,5,,,,,,,,,,,478,golden,pending,False,False,False,False,False,False,False,,0.2.0,338c6b7223d0dafd
59436,Male,Bill,[],160438,1880,2023,1947,False,False,['B IH1 L'],B,['1'],1,,False,bill,4,,,,,,,,,,,479,golden,pending,False,False,False,False,False,False,False,,0.2.0,ff9a45fcf4478549
59437,Male,Trevor,[],160299,1915,2023,1998,False,False,['T R EH1 V ER0'],T,['10'],2,,False,trevor,6,,,,,,,,,,,480,golden,pending,False,False,False,False,False,False,False,,0.2.0,f1e6fcf0112709f6
262,Female,Beth,[],159333,1884,2023,1961,False,False,['B EH1 TH'],B,['1'],1,,False,beth,4,,,,,,,,,,,481,golden,pending,False,False,False,False,False,False,False,,0.2.0,d6d846e417168b0a
263,Female,Nellie,"['Nelli', 'Nelly']",159319,1880,2023,2021,False,False,['N EH1 L IY0'],N,['10'],2,,False,nellie,6,,,,,,,,,,,482,golden,pending,False,False,False,False,False,False,False,,0.2.0,580967f4f8bf24d1
264,Female,Cora,['Kora'],159291,1880,2023,2022,False,False,['K AO1 R AH0'],C,['10'],2,,False,cora,4,,,,,,,,,,,483,golden,pending,False,False,False,False,False,False,False,,0.2.0,d8e7625ed9369d92
265,Female,Minnie,['Mini'],159198,1880,2023,1981,False,False,['M IH1 N IY0'],M,['10'],2,,False,minnie,6,,,,,,,,,,,484,golden,pending,False,False,False,False,False,False,False,,0.2.0,6373af169c71193e
266,Female,Agnes,[],159037,1880,2023,1918,False,False,['AE1 G N IH0 S'],A,['10'],2,,False,agnes,5,,,,,,,,,,,485,golden,pending,False,False,False,False,False,False,False,,0.2.0,ca036bf7bcb92f6c
267,Female,Avery,[],159008,1890,2023,2014,False,False,['EY1 V ER0 IY0'],A,['100'],3,,True,avery,5,,,,,,,,,,,486,golden,pending,False,False,False,False,False,False,False,,0.2.0,4fe3d220ac58981e
268,Female,Deanna,['Deana'],157744,1899,2023,1970,False,False,['D IY2 AE1 N AH0'],D,['210'],3,,False,deanna,6,,,,,,,,,,,487,golden,pending,False,False,False,False,False,False,False,,0.2.0,4901a5e6d5de3ec4
269,Female,Kara,"['Kera', 'Cara']",157638,1882,2023,1991,False,False,['K EH1 R AH0'],K,['10'],2,,False,kara,4,,,,,,,,,,,488,golden,pending,False,False,False,False,False,False,False,,0.2.0,cdf6eafb332e5bce
59438,Male,Gordon,"['Gorden', 'Gordan']",157568,1880,2023,1952,False,False,['G AO1 R D AH0 N'],G,['10'],2,,False,gordon,6,,,,,,,,,,,489,golden,pending,False,False,False,False,False,False,False,,0.2.0,47cd2c1f284b5b22
270,Female,Shelly,['Shelley'],156928,1892,2023,1964,False,False,['SH EH1 L IY0'],S,['10'],2,,False,shelly,6,,,,,,,,,,,490,golden,pending,False,False,False,False,False,False,False,,0.2.0,ac053e827cbd9d83
271,Female,Yvonne,[],155942,1886,2023,1953,False,False,['IH2 V AA1 N'],Y,['21'],2,,False,yvonne,6,,,,,,,,,,,491,golden,pending,False,False,False,False,False,False,False,,0.2.0,334407e403ed08bb
59439,Male,Edgar,[],155898,1880,2023,2005,False,False,['EH1 D G ER0'],E,['10'],2,,False,edgar,5,,,,,,,,,,,492,golden,pending,False,False,False,False,False,False,False,,0.2.0,ab056dab03acb393
59440,Male,Devin,[],155078,1947,2023,1998,False,False,['D EH1 V IH0 N'],D,['10'],2,,True,devin,5,,,,,,,,,,,493,golden,pending,False,False,False,False,False,False,False,,0.2.0,92771c7dfe4bf65b
59441,Male,Lewis,['Louis'],154279,1880,2023,1921,False,False,['L UW1 IH0 S'],L,['10'],2,,False,lewis,5,,,,,,,,,,,494,golden,pending,False,False,False,False,False,False,False,,0.2.0,766ece1a47ba57de
59442,Male,Floyd,[],154231,1880,2023,1926,False,False,['F L OY1 D'],F,['1'],1,,False,floyd,5,,,,,,,,,,,495,golden,pending,False,False,False,False,False,False,False,,0.2.0,e4136a20b6e82d12
59443,Male,Xavier,[],153632,1886,2023,2007,False,False,['Z EY1 V Y ER0'],X,['10'],2,,False,xavier,6,,,,,,,,,,,496,golden,pending,False,False,False,False,False,False,False,,0.2.0,a9088bfcc68700b5
59444,Male,Jim,[],153058,1880,2023,1959,False,False,['JH IH1 M'],J,['1'],1,,False,jim,3,,,,,,,,,,,497,golden,pending,False,False,False,False,False,False,False,,0.2.0,c1ea7e4f15c3cd9c
272,Female,Daisy,[],152365,1880,2023,1996,False,False,['D EY1 Z IY0'],D,['10'],2,,False,daisy,5,,,,,,,,,,,498,golden,pending,False,False,False,False,False,False,False,,0.2.0,7f942510f2d8dc50
59445,Male,Gene,"['Jeanne', 'Jean', 'Gean', 'Jeane']",152342,1880,2023,1993,False,False,['JH IY1 N'],G,['1'],1,,False,gene,4,,,,,,,,,,,499,golden,pending,False,False,False,False,False,False,False,,0.2.0,285da81f8c4b877a
273,Female,Kelsey,['Kelcey'],151751,1942,2023,1993,False,False,['K EH1 L S IY0'],K,['10'],2,,False,kelsey,6,,,,,,,,,,,500,golden,pending,False,False,False,False,False,False,False,,0.2.0,05ce00779e4c6a0f
